#{"t_start": 1746566952.007564, "env_id": "MiniGrid-DoorKey-8x8-v0"}
r,l,t
0,640,20.660723
0,640,42.576942
0,640,72.437881
0,640,97.946848
0,640,138.222657
0,640,160.175952
0,640,182.816298
0.455781,387,201.966839
0.835469,117,203.405393
0.604844,281,218.667291
0.862187,98,220.021744
0.765156,167,222.501015
0.803125,140,238.530224
0.924063,54,239.231702
0.769375,164,241.274463
0.604844,281,257.499409
0.942344,41,258.081084
0.952187,34,258.502562
0.731406,191,261.084642
0.950781,35,261.497565
0.727187,194,276.23
0.928281,51,276.911081
0.92125,56,277.602196
0.925469,53,278.30476
0.956406,31,278.723148
0.919844,57,279.454671
0.469844,377,298.260274
0.911406,63,299.075705
0.894531,75,300.014782
0.915625,60,300.801238
0.974688,18,301.058967
0.907188,66,301.940438
0.929688,50,302.585745
0.914219,61,318.103864
0.960625,28,318.396632
0.908594,65,319.145365
0.895938,74,319.816696
0.860781,99,320.774394
0.880469,85,321.561785
0.91,64,322.193811
0.925469,53,322.753285
0.952187,34,323.082748
0.967656,23,337.777381
0.897344,73,338.934431
0.935312,46,339.551517
0.946562,38,340.118201
0.945156,39,340.571724
0.863594,97,342.115675
0.9775,16,342.35016
0.938125,44,342.870279
0.947969,37,343.357107
0.912813,62,344.120003
0.963437,26,344.449869
0.957812,30,358.207101
0.949375,36,358.653473
0.957812,30,358.926845
0.950781,35,359.308795
0.942344,41,359.691067
0.964844,25,359.976532
0.974688,18,360.200265
0.953594,33,360.584925
0.9775,16,360.763949
0.940937,42,361.234706
0.964844,25,361.497961
0.942344,41,362.007075
0.964844,25,362.270093
0.919844,57,362.904886
0.917031,59,363.615251
0.918438,58,377.092018
0.9325,48,377.623452
0.955,32,378.009545
0.918438,58,378.697445
0.935312,46,379.227356
0.983125,12,379.373078
0.96625,24,379.621884
0.883281,83,380.522756
0.940937,42,381.022165
0.957812,30,381.334206
0.956406,31,381.683232
0.963437,26,382.000398
0.976094,17,382.230268
0.955,32,396.434848
0.974688,18,396.575861
0.952187,34,396.917357
0.967656,23,397.118861
0.938125,44,397.507188
0.980313,14,397.700914
0.936719,45,398.288101
0.957812,30,398.62601
0.942344,41,399.130233
0.955,32,399.489878
0.905781,67,400.41056
0.928281,51,400.95136
0.967656,23,401.155234
0.940937,42,401.56256
0.905781,67,419.150097
0.969063,22,419.446287
0.971875,20,419.754945
0.964844,25,420.105105
0.9325,48,420.814591
0.974688,18,421.073933
0.956406,31,421.414697
0.883281,83,422.799239
0.945156,39,423.408514
0.970469,21,423.713382
0.950781,35,424.225288
0.967656,23,424.550956
0.974688,18,424.76326
0.926875,52,425.524705
0.971875,20,425.820754
0.967656,23,426.122534
0.935312,46,441.729927
0.959219,29,442.048969
0.953594,33,442.366835
0.915625,60,442.977511
0.933906,47,443.458107
0.960625,28,443.752619
0.92125,56,444.317951
0.956406,31,444.662052
0.936719,45,445.167917
0.962031,27,445.436302
0.963437,26,445.768338
0.952187,34,446.177996
0.953594,33,446.576914
0.959219,29,461.412644
0.950781,35,461.749278
0.974688,18,461.930098
0.947969,37,462.283256
0.980313,14,462.425765
0.919844,57,462.976789
0.967656,23,463.170527
0.963437,26,463.387119
0.981719,13,463.497641
0.933906,47,463.893153
0.956406,31,464.158002
0.883281,83,464.905572
0.96625,24,465.11302
0.936719,45,465.511774
0.978906,15,465.640868
0.900156,71,480.155762
0.974688,18,480.334793
0.931094,49,480.846127
0.946562,38,481.233974
0.938125,44,481.673102
0.962031,27,481.983389
0.955,32,482.346541
0.974688,18,482.549658
0.918438,58,483.304436
0.970469,21,483.514729
0.971875,20,483.758208
0.945156,39,484.200813
0.94375,40,484.637768
0.931094,49,485.160652
0.952187,34,500.244996
0.963437,26,500.514938
0.955,32,500.926878
0.953594,33,501.343393
0.956406,31,501.690947
0.931094,49,502.363303
0.96625,24,502.703951
0.950781,35,503.058364
0.980313,14,503.237015
0.952187,34,503.616797
0.971875,20,503.857909
0.959219,29,504.273778
0.973281,19,504.449526
0.969063,22,504.672293
0.94375,40,505.085117
0.9775,16,505.271459
0.949375,36,505.662162
0.981719,13,505.810297
0.959219,29,506.152147
0.940937,42,518.814806
0.957812,30,519.099008
0.969063,22,519.297148
0.962031,27,519.604689
0.947969,37,519.97204
0.952187,34,520.251659
0.957812,30,520.504278
0.949375,36,520.804612
0.962031,27,521.023057
0.960625,28,521.245677
0.96625,24,521.440919
0.964844,25,521.649501
0.974688,18,521.804571
0.974688,18,521.953857
0.971875,20,522.118568
0.971875,20,522.294101
0.960625,28,522.528249
0.946562,38,522.831902
0.94375,40,536.370032
0.973281,19,536.537051
0.926875,52,537.135941
0.970469,21,537.375258
0.962031,27,537.667363
0.967656,23,537.917027
0.969063,22,538.187828
0.9775,16,538.384604
0.974688,18,538.60505
0.929688,50,539.238522
0.959219,29,539.570997
0.970469,21,539.796487
0.960625,28,540.116621
0.957812,30,540.436813
0.964844,25,540.701667
0.960625,28,540.999234
0.949375,36,541.372793
0.967656,23,541.585873
0.950781,35,555.404467
0.947969,37,555.757337
0.9775,16,555.938102
0.970469,21,556.154492
0.957812,30,556.525154
0.963437,26,556.814388
0.973281,19,557.001233
0.981719,13,557.149782
0.981719,13,557.291564
0.973281,19,557.508941
0.980313,14,557.657401
0.957812,30,557.938996
0.976094,17,558.084258
0.981719,13,558.192472
0.971875,20,558.381867
0.960625,28,558.65595
0.9775,16,558.82911
0.969063,22,559.026534
0.963437,26,559.263778
0.964844,25,559.531484
0.947969,37,559.94898
0.980313,14,560.100317
0.96625,24,560.33112
0.974688,18,578.33538
0.959219,29,578.727434
0.970469,21,579.004023
0.9775,16,579.212427
0.976094,17,579.456261
0.96625,24,579.788672
0.974688,18,579.977623
0.960625,28,580.411889
0.971875,20,580.707942
0.976094,17,581.006143
0.978906,15,581.22804
0.973281,19,581.475455
0.962031,27,581.823225
0.924063,54,582.752057
0.935312,46,583.416843
0.962031,27,583.806604
0.953594,33,584.211692
0.967656,23,584.495464
0.946562,38,584.993493
0.978906,15,585.18394
0.973281,19,601.342932
0.960625,28,601.95531
0.938125,44,602.520541
0.940937,42,602.977566
0.96625,24,603.237408
0.976094,17,603.408337
0.960625,28,603.673294
0.950781,35,604.086166
0.962031,27,604.399044
0.973281,19,604.597139
0.947969,37,605.081886
0.973281,19,605.358895
0.962031,27,605.603496
0.971875,20,605.809444
0.971875,20,606.044488
0.963437,26,606.343889
0.980313,14,606.471796
0.973281,19,606.769913
0.953594,33,607.139691
0.978906,15,607.316682
0.962031,27,622.313533
0.973281,19,622.565337
0.971875,20,622.834809
0.974688,18,623.071682
0.962031,27,623.43703
0.963437,26,623.890463
0.947969,37,624.405671
0.976094,17,624.611856
0.96625,24,624.984376
0.959219,29,625.477402
0.974688,18,625.730409
0.984531,11,625.8632
0.976094,17,626.076799
0.96625,24,626.403559
0.9775,16,626.613963
0.974688,18,626.863772
0.960625,28,627.252372
0.978906,15,627.43669
0.983125,12,627.59777
0.969063,22,627.892198
0.967656,23,628.231875
0.967656,23,628.563271
0.969063,22,628.879617
0.967656,23,629.230724
0.970469,21,644.301699
0.971875,20,644.531894
0.967656,23,644.829375
0.957812,30,645.210865
0.971875,20,645.456118
0.96625,24,645.712066
0.962031,27,646.00254
0.964844,25,646.294416
0.939531,43,646.764337
0.971875,20,646.952948
0.967656,23,647.235822
0.96625,24,647.466015
0.973281,19,647.648333
0.978906,15,647.810287
0.973281,19,648.049693
0.978906,15,648.233704
0.963437,26,648.540432
0.973281,19,648.747395
0.955,32,649.143279
0.978906,15,649.323464
0.973281,19,649.548741
0.962031,27,649.954122
0.967656,23,666.365976
0.973281,19,666.556405
0.970469,21,666.744816
0.974688,18,666.9273
0.952187,34,667.313558
0.971875,20,667.557492
0.973281,19,667.746872
0.967656,23,668.00704
0.96625,24,668.24976
0.950781,35,668.604511
0.964844,25,668.865001
0.963437,26,669.139038
0.964844,25,669.371653
0.964844,25,669.640572
0.967656,23,669.898154
0.959219,29,670.21913
0.967656,23,670.473767
0.946562,38,670.849328
0.962031,27,671.095106
0.976094,17,671.267784
0.970469,21,671.526963
0.9325,48,684.516902
0.96625,24,684.703265
0.9775,16,684.844248
0.949375,36,685.141712
0.963437,26,685.36745
0.962031,27,685.605346
0.962031,27,685.815045
0.96625,24,686.007721
0.963437,26,686.217771
0.978906,15,686.339438
0.981719,13,686.447707
0.970469,21,686.616219
0.978906,15,686.732658
0.960625,28,686.957918
0.9775,16,687.085944
0.962031,27,687.302023
0.974688,18,687.444336
0.980313,14,687.554431
0.959219,29,687.78292
0.974688,18,687.929253
0.974688,18,688.077637
0.973281,19,688.241743
0.969063,22,688.421807
0.957812,30,701.867257
0.984531,11,702.00989
0.9775,16,702.203172
0.933906,47,702.917748
0.963437,26,703.246997
0.971875,20,703.480893
0.976094,17,703.658529
0.962031,27,704.012709
0.970469,21,704.249532
0.9775,16,704.429375
0.964844,25,704.69076
0.963437,26,705.019928
0.978906,15,705.199981
0.967656,23,705.508918
0.984531,11,705.647685
0.969063,22,705.868025
0.96625,24,706.160777
0.971875,20,706.370837
0.971875,20,706.724852
0.967656,23,707.063583
0.955,32,707.610246
0.974688,18,707.859046
0.949375,36,723.970303
0.963437,26,724.319129
0.976094,17,724.537349
0.974688,18,724.765217
0.974688,18,724.973557
0.970469,21,725.233671
0.960625,28,725.559134
0.96625,24,725.918238
0.976094,17,726.188436
0.973281,19,726.465944
0.981719,13,726.677607
0.970469,21,726.948652
0.962031,27,727.24585
0.959219,29,727.554901
0.963437,26,727.887211
0.980313,14,728.049912
0.974688,18,728.297026
0.964844,25,728.682253
0.959219,29,729.112727
0.976094,17,729.340621
0.962031,27,729.706978
0.959219,29,730.122513
0.980313,14,730.330648
0.967656,23,745.705785
0.955,32,746.167272
0.963437,26,746.495052
0.963437,26,746.84537
0.953594,33,747.38351
0.9775,16,747.622928
0.973281,19,747.898315
0.967656,23,748.164579
0.969063,22,748.502816
0.967656,23,748.837604
0.974688,18,749.086304
0.96625,24,749.386788
0.973281,19,749.611255
0.970469,21,749.925495
0.978906,15,750.152373
0.970469,21,750.415428
0.976094,17,750.666329
0.969063,22,750.937568
0.971875,20,751.229583
0.96625,24,751.558105
0.964844,25,751.801579
0.978906,15,751.967461
0.970469,21,752.286872
0.981719,13,752.50456
0.96625,24,766.102582
0.96625,24,766.362707
0.980313,14,766.506262
0.967656,23,766.747544
0.974688,18,766.949087
0.956406,31,767.300531
0.969063,22,767.579797
0.969063,22,767.815528
0.9775,16,768.019915
0.969063,22,768.238991
0.96625,24,768.499169
0.952187,34,768.877585
0.973281,19,769.085847
0.978906,15,769.233236
0.980313,14,769.374381
0.964844,25,769.600214
0.960625,28,769.873269
0.963437,26,770.109991
0.96625,24,770.361518
0.962031,27,770.623007
0.981719,13,770.75653
0.96625,24,770.984715
0.962031,27,771.274924
0.981719,13,786.062959
0.976094,17,786.249464
0.980313,14,786.362837
0.981719,13,786.467674
0.962031,27,786.70549
0.967656,23,786.932738
0.981719,13,787.077649
0.960625,28,787.375106
0.963437,26,787.604481
0.96625,24,787.843016
0.959219,29,788.106965
0.970469,21,788.292214
0.976094,17,788.47304
0.976094,17,788.611902
0.962031,27,788.879961
0.967656,23,789.121251
0.976094,17,789.28404
0.9775,16,789.485171
0.963437,26,789.70689
0.970469,21,789.934966
0.971875,20,790.112841
0.974688,18,790.256903
0.981719,13,790.385429
0.969063,22,790.573472
0.983125,12,790.688487
0.971875,20,790.871477
0.967656,23,804.42512
0.9775,16,804.581342
0.976094,17,804.801892
0.973281,19,804.974948
0.970469,21,805.222151
0.981719,13,805.411834
0.983125,12,805.57229
0.9775,16,805.750102
0.981719,13,805.904957
0.974688,18,806.102221
0.981719,13,806.247665
0.983125,12,806.343351
0.971875,20,806.517927
0.9775,16,806.656438
0.980313,14,806.761443
0.970469,21,806.944954
0.984531,11,807.055183
0.978906,15,807.21958
0.981719,13,807.319272
0.970469,21,807.527614
0.980313,14,807.729105
0.980313,14,807.88639
0.9775,16,808.055751
0.9775,16,808.247931
0.974688,18,808.427994
0.971875,20,808.6533
0.964844,25,808.992982
0.980313,14,809.155326
0.974688,18,809.331728
0.974688,18,809.601216
0.971875,20,809.837649
0.970469,21,825.179437
0.964844,25,825.42103
0.971875,20,825.594116
0.976094,17,825.737818
0.953594,33,826.181759
0.971875,20,826.378867
0.970469,21,826.574175
0.962031,27,826.832589
0.974688,18,827.007037
0.971875,20,827.20969
0.969063,22,827.409564
0.956406,31,827.744455
0.970469,21,827.950779
0.981719,13,828.088205
0.967656,23,828.327351
0.969063,22,828.598227
0.967656,23,828.849406
0.967656,23,829.096209
0.9775,16,829.235213
0.976094,17,829.383678
0.964844,25,829.615879
0.9775,16,829.783299
0.89875,72,845.839186
0.971875,20,846.00932
0.9775,16,846.154081
0.834062,118,847.41522
0.976094,17,847.576631
0.946562,38,847.911948
0.953594,33,848.191091
0.970469,21,848.358518
0.960625,28,848.596117
0.964844,25,848.821394
0.935312,46,849.218202
0.974688,18,849.372964
0.973281,19,849.532993
0.940937,42,849.915211
0.971875,20,850.087957
0.967656,23,865.24876
0.970469,21,865.48808
0.976094,17,865.672605
0.970469,21,865.881309
0.969063,22,866.15805
0.969063,22,866.433215
0.952187,34,866.792989
0.955,32,867.196431
0.970469,21,867.439472
0.931094,49,868.033084
0.970469,21,868.270887
0.973281,19,868.489608
0.974688,18,868.700698
0.960625,28,868.998903
0.963437,26,869.267509
0.945156,39,869.692495
0.963437,26,869.970131
0.969063,22,870.245345
0.962031,27,870.535092
0.953594,33,870.989817
0.959219,29,885.310551
0.971875,20,885.510823
0.963437,26,885.776871
0.963437,26,886.007246
0.947969,37,886.367797
0.963437,26,886.597651
0.964844,25,886.84326
0.973281,19,887.031003
0.967656,23,887.24442
0.974688,18,887.431691
0.971875,20,887.63424
0.964844,25,887.864419
0.973281,19,888.062782
0.957812,30,888.338134
0.955,32,888.606087
0.971875,20,888.806704
0.969063,22,889.044644
0.963437,26,889.291248
0.955,32,889.647574
0.949375,36,890.026542
0.959219,29,907.201784
0.974688,18,907.425363
0.960625,28,907.869938
0.973281,19,908.184226
0.950781,35,908.598869
0.969063,22,908.820956
0.953594,33,909.194393
0.981719,13,909.31779
0.9775,16,909.469863
0.970469,21,909.687047
0.956406,31,910.034887
0.985938,10,910.144946
0.978906,15,910.311034
0.983125,12,910.463926
0.970469,21,910.755606
0.963437,26,910.99308
0.974688,18,911.189852
0.971875,20,911.372188
0.970469,21,911.598503
0.959219,29,911.932383
0.971875,20,912.170942
0.974688,18,912.357637
0.952187,34,912.686152
0.970469,21,929.849509
0.970469,21,930.032768
0.971875,20,930.194394
0.980313,14,930.311338
0.970469,21,930.490986
0.969063,22,930.692747
0.976094,17,930.858907
0.9775,16,931.010337
0.96625,24,931.213283
0.971875,20,931.378283
0.978906,15,931.501357
0.967656,23,931.691436
0.973281,19,931.874836
0.967656,23,932.089729
0.976094,17,932.240661
0.973281,19,932.46305
0.970469,21,932.722836
0.976094,17,932.910509
0.9775,16,933.047685
0.973281,19,933.217431
0.963437,26,933.443802
0.9775,16,933.599361
0.978906,15,933.734589
0.971875,20,933.918263
0.967656,23,934.160697
0.976094,17,934.292961
0.980313,14,934.412774
0.974688,18,949.310618
0.969063,22,949.513367
0.969063,22,949.698259
0.9775,16,949.834864
0.963437,26,950.05749
0.971875,20,950.214051
0.985938,10,950.298493
0.976094,17,950.445849
0.978906,15,950.567153
0.963437,26,950.777162
0.971875,20,950.934707
0.970469,21,951.113613
0.952187,34,951.399523
0.980313,14,951.511408
0.978906,15,951.628754
0.96625,24,951.830142
0.973281,19,951.981183
0.935312,46,952.356957
0.971875,20,952.514067
0.963437,26,952.71849
0.976094,17,952.861719
0.973281,19,953.014109
0.967656,23,953.210753
0.96625,24,953.429774
0.974688,18,967.458602
0.976094,17,967.610764
0.973281,19,967.774439
0.971875,20,967.954618
0.976094,17,968.111313
0.978906,15,968.243974
0.9775,16,968.384349
0.962031,27,968.620733
0.973281,19,968.79422
0.974688,18,968.9461
0.978906,15,969.069578
0.96625,24,969.272373
0.974688,18,969.43175
0.980313,14,969.548246
0.980313,14,969.657517
0.976094,17,969.817341
0.978906,15,969.95045
0.970469,21,970.167566
0.974688,18,970.325122
0.974688,18,970.511977
0.970469,21,970.706319
0.978906,15,970.835
0.980313,14,970.953031
0.976094,17,971.101314
0.969063,22,971.277886
0.970469,21,971.449656
0.976094,17,971.585278
0.964844,25,971.788159
0.967656,23,986.171073
0.973281,19,986.334257
0.984531,11,986.428288
0.971875,20,986.599339
0.974688,18,986.757757
0.96625,24,986.966815
0.973281,19,987.139313
0.983125,12,987.250958
0.969063,22,987.43698
0.973281,19,987.594412
0.971875,20,987.792685
0.974688,18,987.975756
0.971875,20,988.15709
0.971875,20,988.346008
0.967656,23,988.560751
0.973281,19,988.773161
0.976094,17,988.92412
0.973281,19,989.1083
0.983125,12,989.207502
0.9775,16,989.344762
0.973281,19,989.529713
0.978906,15,989.671387
0.987344,9,989.752748
0.974688,18,989.921781
0.973281,19,990.08218
0.964844,25,990.288227
0.981719,13,990.403422
0.9775,16,990.57376
0.967656,23,1004.939798
0.974688,18,1005.114209
0.980313,14,1005.279195
0.981719,13,1005.428593
0.9775,16,1005.613249
0.980313,14,1005.745106
0.976094,17,1005.902489
0.978906,15,1006.063543
0.973281,19,1006.250229
0.984531,11,1006.369976
0.9775,16,1006.548291
0.978906,15,1006.681059
0.981719,13,1006.793917
0.980313,14,1006.960362
0.974688,18,1007.155433
0.964844,25,1007.409786
0.980313,14,1007.564954
0.964844,25,1007.796571
0.978906,15,1007.967064
0.973281,19,1008.145975
0.970469,21,1008.384999
0.959219,29,1008.616098
0.970469,21,1008.844948
0.956406,31,1009.134475
0.9775,16,1009.276627
0.970469,21,1009.449088
0.9775,16,1009.581259
0.969063,22,1009.785012
0.973281,19,1023.353432
0.973281,19,1023.575372
0.9775,16,1023.720397
0.985938,10,1023.870163
0.980313,14,1024.018243
0.974688,18,1024.237912
0.984531,11,1024.358003
0.970469,21,1024.597024
0.9775,16,1024.798397
0.969063,22,1024.999993
0.978906,15,1025.14835
0.980313,14,1025.329972
0.9775,16,1025.483336
0.974688,18,1025.696537
0.976094,17,1025.875309
0.969063,22,1026.10889
0.976094,17,1026.289961
0.974688,18,1026.454318
0.971875,20,1026.66155
0.980313,14,1026.795303
0.974688,18,1026.99085
0.9775,16,1027.157819
0.981719,13,1027.272252
0.978906,15,1027.418214
0.9775,16,1027.567887
0.970469,21,1027.824301
0.978906,15,1027.964711
0.978906,15,1028.126862
0.980313,14,1028.258079
0.983125,12,1028.399776
0.971875,20,1028.638347
0.963437,26,1042.293219
0.974688,18,1042.436498
0.971875,20,1042.592414
0.96625,24,1042.796366
0.971875,20,1042.966991
0.963437,26,1043.280491
0.978906,15,1043.439243
0.973281,19,1043.614959
0.973281,19,1043.775643
0.971875,20,1043.93403
0.9775,16,1044.059764
0.963437,26,1044.274848
0.9775,16,1044.398787
0.9775,16,1044.525517
0.976094,17,1044.666923
0.974688,18,1044.876267
0.981719,13,1045.000487
0.978906,15,1045.140346
0.983125,12,1045.249444
0.974688,18,1045.394573
0.971875,20,1045.570543
0.969063,22,1045.779925
0.974688,18,1045.929577
0.971875,20,1046.103739
0.967656,23,1046.306062
0.969063,22,1046.48405
0.969063,22,1046.710443
0.978906,15,1061.221345
0.973281,19,1061.397736
0.964844,25,1061.646135
0.969063,22,1061.857198
0.969063,22,1062.086733
0.980313,14,1062.225412
0.974688,18,1062.401327
0.970469,21,1062.578419
0.970469,21,1062.789467
0.978906,15,1062.917622
0.978906,15,1063.056371
0.94375,40,1063.425677
0.969063,22,1063.613772
0.963437,26,1063.862296
0.962031,27,1064.12565
0.973281,19,1064.303328
0.973281,19,1064.461596
0.970469,21,1064.651356
0.980313,14,1064.801374
0.971875,20,1064.997508
0.969063,22,1065.183439
0.980313,14,1065.311631
0.971875,20,1065.499567
0.967656,23,1065.763875
0.969063,22,1065.98009
0.974688,18,1082.517228
0.978906,15,1082.70911
0.970469,21,1083.018235
0.96625,24,1083.386176
0.973281,19,1083.653456
0.980313,14,1083.819583
0.974688,18,1084.039252
0.978906,15,1084.252169
0.978906,15,1084.458899
0.973281,19,1084.765613
0.976094,17,1085.021346
0.971875,20,1085.304964
0.976094,17,1085.494065
0.981719,13,1085.715978
0.970469,21,1086.060402
0.984531,11,1086.206539
0.970469,21,1086.474365
0.9775,16,1086.676404
0.978906,15,1086.866127
0.978906,15,1087.10695
0.969063,22,1087.406351
0.971875,20,1087.722063
0.984531,11,1087.85415
0.978906,15,1088.035533
0.973281,19,1088.264343
0.96625,24,1088.648826
0.967656,23,1088.991799
0.973281,19,1089.296308
0.978906,15,1089.515624
0.974688,18,1103.103532
0.980313,14,1103.217403
0.971875,20,1103.38695
0.974688,18,1103.540135
0.980313,14,1103.648994
0.971875,20,1103.833946
0.973281,19,1103.999516
0.96625,24,1104.262519
0.971875,20,1104.434345
0.981719,13,1104.547746
0.971875,20,1104.726909
0.971875,20,1104.912866
0.976094,17,1105.055678
0.969063,22,1105.224652
0.970469,21,1105.387325
0.973281,19,1105.534641
0.981719,13,1105.632342
0.967656,23,1105.817106
0.981719,13,1105.920571
0.974688,18,1106.062395
0.978906,15,1106.182257
0.9775,16,1106.306007
0.973281,19,1106.464168
0.9775,16,1106.598901
0.971875,20,1106.767445
0.967656,23,1106.966952
0.973281,19,1107.115529
0.963437,26,1126.673567
0.976094,17,1126.88294
0.969063,22,1127.152157
0.970469,21,1127.47738
0.983125,12,1127.63536
0.973281,19,1127.878321
0.967656,23,1128.154249
0.973281,19,1128.397449
0.976094,17,1128.625005
0.96625,24,1128.940186
0.980313,14,1129.116444
0.970469,21,1129.390238
0.973281,19,1129.66659
0.976094,17,1129.872589
0.978906,15,1130.025225
0.971875,20,1130.25831
0.980313,14,1130.405001
0.926875,52,1131.022582
0.967656,23,1131.310591
0.96625,24,1131.613897
0.978906,15,1131.790064
0.978906,15,1132.02375
0.969063,22,1132.339566
0.9775,16,1132.597107
0.970469,21,1132.879824
0.973281,19,1133.14318
0.974688,18,1149.996712
0.949375,36,1150.4858
0.978906,15,1150.746239
0.973281,19,1151.075729
0.971875,20,1151.413834
0.970469,21,1151.709445
0.9775,16,1151.931829
0.980313,14,1152.164388
0.962031,27,1152.542733
0.9775,16,1152.762009
0.970469,21,1153.101549
0.963437,26,1153.430836
0.960625,28,1153.848039
0.962031,27,1154.295553
0.960625,28,1154.639816
0.9775,16,1154.866264
0.976094,17,1155.09568
0.962031,27,1155.491207
0.973281,19,1155.742559
0.980313,14,1155.955597
0.980313,14,1156.163447
0.963437,26,1156.537841
0.976094,17,1156.832886
0.970469,21,1157.148658
0.964844,25,1172.510017
0.970469,21,1172.725977
0.970469,21,1172.90805
0.976094,17,1173.137898
0.973281,19,1173.394534
0.974688,18,1173.662419
0.973281,19,1173.886913
0.964844,25,1174.144632
0.9775,16,1174.279594
0.96625,24,1174.537654
0.973281,19,1174.732757
0.964844,25,1174.981398
0.969063,22,1175.175829
0.974688,18,1175.361231
0.970469,21,1175.600311
0.939531,43,1176.075764
0.967656,23,1176.317959
0.963437,26,1176.618072
0.9775,16,1176.798785
0.9775,16,1176.981527
0.980313,14,1177.156878
0.970469,21,1177.406128
0.976094,17,1177.621342
0.957812,30,1177.999804
0.978906,15,1192.8103
0.957812,30,1193.253226
0.957812,30,1193.695955
0.952187,34,1194.158519
0.980313,14,1194.315234
0.970469,21,1194.646988
0.967656,23,1194.912078
0.970469,21,1195.146603
0.967656,23,1195.467396
0.959219,29,1195.908695
0.976094,17,1196.160427
0.955,32,1196.601078
0.981719,13,1196.831901
0.947969,37,1197.4112
0.96625,24,1197.759989
0.96625,24,1198.103603
0.967656,23,1198.511633
0.971875,20,1198.746312
0.976094,17,1199.032605
0.983125,12,1199.192584
0.970469,21,1199.43994
0.980313,14,1199.596956
0.964844,25,1199.932304
0.970469,21,1213.628522
0.962031,27,1213.91964
0.974688,18,1214.120238
0.973281,19,1214.31265
0.967656,23,1214.504402
0.978906,15,1214.695649
0.981719,13,1214.821469
0.974688,18,1214.98932
0.976094,17,1215.167416
0.974688,18,1215.329603
0.9775,16,1215.494598
0.96625,24,1215.727066
0.967656,23,1215.964324
0.974688,18,1216.142674
0.978906,15,1216.292662
0.9775,16,1216.434658
0.9775,16,1216.631436
0.946562,38,1217.042049
0.970469,21,1217.252196
0.976094,17,1217.448225
0.96625,24,1217.710391
0.980313,14,1217.858533
0.969063,22,1218.088685
0.973281,19,1218.293613
0.9775,16,1218.448062
0.969063,22,1218.666396
0.973281,19,1232.543298
0.970469,21,1232.821894
0.973281,19,1233.040812
0.969063,22,1233.314505
0.969063,22,1233.634031
0.96625,24,1233.944366
0.973281,19,1234.18552
0.973281,19,1234.405669
0.974688,18,1234.626657
0.976094,17,1234.877961
0.974688,18,1235.105884
0.980313,14,1235.33485
0.969063,22,1235.643824
0.976094,17,1235.899381
0.980313,14,1236.111219
0.971875,20,1236.377519
0.980313,14,1236.521908
0.973281,19,1236.797225
0.980313,14,1236.9815
0.969063,22,1237.243981
0.973281,19,1237.573088
0.974688,18,1237.79638
0.974688,18,1238.016007
0.974688,18,1238.304604
0.973281,19,1238.622467
0.971875,20,1238.939817
0.976094,17,1239.20597
0.967656,23,1252.974293
0.9775,16,1253.114433
0.980313,14,1253.277247
0.9775,16,1253.431947
0.971875,20,1253.644731
0.967656,23,1253.966341
0.974688,18,1254.215262
0.976094,17,1254.396195
0.978906,15,1254.580467
0.978906,15,1254.723746
0.973281,19,1254.934005
0.964844,25,1255.208113
0.980313,14,1255.365489
0.967656,23,1255.62246
0.970469,21,1255.860932
0.980313,14,1256.063451
0.970469,21,1256.328427
0.973281,19,1256.552149
0.978906,15,1256.704945
0.955,32,1257.13605
0.971875,20,1257.345235
0.980313,14,1257.469468
0.976094,17,1257.661428
0.9775,16,1257.849166
0.9775,16,1258.004647
0.978906,15,1258.218462
0.974688,18,1258.481091
0.976094,17,1258.677665
0.973281,19,1274.203116
0.976094,17,1274.379545
0.9775,16,1274.553638
0.978906,15,1274.689011
0.980313,14,1274.824223
0.974688,18,1275.022627
0.980313,14,1275.209457
0.970469,21,1275.421373
0.970469,21,1275.709353
0.984531,11,1275.885521
0.971875,20,1276.090939
0.969063,22,1276.365836
0.969063,22,1276.667751
0.974688,18,1276.866572
0.974688,18,1277.0812
0.974688,18,1277.336076
0.974688,18,1277.532928
0.9775,16,1277.724037
0.959219,29,1278.078349
0.971875,20,1278.246022
0.974688,18,1278.452922
0.967656,23,1278.770784
0.978906,15,1278.931736
0.9775,16,1279.137297
0.970469,21,1279.38577
0.978906,15,1279.51479
0.970469,21,1279.803309
0.976094,17,1279.992612
0.971875,20,1296.836829
0.970469,21,1297.082886
0.917031,59,1297.920744
0.957812,30,1298.219883
0.981719,13,1298.358265
0.971875,20,1298.602047
0.981719,13,1298.713646
0.969063,22,1298.969947
0.978906,15,1299.118425
0.956406,31,1299.441804
0.971875,20,1299.653523
0.973281,19,1299.845992
0.973281,19,1300.019018
0.9775,16,1300.168152
0.974688,18,1300.317788
0.967656,23,1300.52398
0.973281,19,1300.739209
0.976094,17,1300.921596
0.96625,24,1301.180705
0.973281,19,1301.344856
0.963437,26,1301.610549
0.973281,19,1301.813983
0.973281,19,1301.957764
0.963437,26,1316.879259
0.976094,17,1317.121853
0.96625,24,1317.447658
0.980313,14,1317.626879
0.969063,22,1317.925459
0.980313,14,1318.103186
0.974688,18,1318.382731
0.964844,25,1318.696162
0.964844,25,1319.057864
0.973281,19,1319.307284
0.981719,13,1319.494463
0.969063,22,1319.78815
0.974688,18,1320.022332
0.976094,17,1320.244834
0.974688,18,1320.553559
0.981719,13,1320.807931
0.983125,12,1321.015905
0.978906,15,1321.211724
0.970469,21,1321.503249
0.976094,17,1321.768727
0.973281,19,1322.065211
0.978906,15,1322.318812
0.978906,15,1322.481063
0.96625,24,1322.931464
0.973281,19,1323.199396
0.970469,21,1323.496243
0.971875,20,1323.810997
0.970469,21,1324.147308
0.971875,20,1339.87693
0.969063,22,1340.197022
0.962031,27,1340.688417
0.971875,20,1340.975475
0.976094,17,1341.233673
0.967656,23,1341.487983
0.976094,17,1341.716368
0.9775,16,1341.920776
0.980313,14,1342.153732
0.9775,16,1342.485913
0.969063,22,1342.937714
0.970469,21,1343.391539
0.971875,20,1343.821523
0.978906,15,1344.053407
0.981719,13,1344.303558
0.9775,16,1344.553348
0.9775,16,1344.810769
0.974688,18,1345.147199
0.973281,19,1345.433743
0.96625,24,1346.066831
0.9775,16,1346.355445
0.957812,30,1346.833294
0.9775,16,1347.070222
0.970469,21,1347.441052
0.971875,20,1347.72959
0.971875,20,1348.11022
0.9775,16,1348.390633
0.969063,22,1365.135758
0.980313,14,1365.27755
0.967656,23,1365.513019
0.970469,21,1365.71508
0.971875,20,1365.887795
0.96625,24,1366.193597
0.978906,15,1366.349174
0.9775,16,1366.510195
0.96625,24,1366.759213
0.981719,13,1366.90119
0.962031,27,1367.205405
0.971875,20,1367.457345
0.983125,12,1367.620478
0.96625,24,1367.847627
0.974688,18,1368.039003
0.967656,23,1368.311839
0.978906,15,1368.465413
0.976094,17,1368.655666
0.983125,12,1368.764597
0.984531,11,1368.885918
0.983125,12,1369.020054
0.976094,17,1369.175223
0.973281,19,1369.375888
0.983125,12,1369.497868
0.971875,20,1369.689275
0.956406,31,1370.023066
0.985938,10,1370.104627
0.981719,13,1370.244567
0.96625,24,1385.841647
0.971875,20,1386.005942
0.9775,16,1386.139383
0.981719,13,1386.247616
0.970469,21,1386.421817
0.973281,19,1386.574948
0.970469,21,1386.741583
0.973281,19,1386.917119
0.96625,24,1387.118674
0.963437,26,1387.330123
0.971875,20,1387.493342
0.967656,23,1387.683279
0.9775,16,1387.81432
0.971875,20,1387.98067
0.970469,21,1388.152224
0.973281,19,1388.305831
0.978906,15,1388.425553
0.976094,17,1388.55816
0.971875,20,1388.718992
0.974688,18,1388.875337
0.970469,21,1389.03935
0.970469,21,1389.20869
0.974688,18,1389.353218
0.974688,18,1389.55602
0.964844,25,1389.784023
0.9775,16,1389.914323
0.964844,25,1404.643292
0.970469,21,1404.8755
0.984531,11,1404.982163
0.976094,17,1405.151676
0.969063,22,1405.380608
0.970469,21,1405.633819
0.971875,20,1405.845779
0.978906,15,1405.988109
0.981719,13,1406.14546
0.96625,24,1406.409829
0.955,32,1406.742314
0.976094,17,1406.900644
0.96625,24,1407.147626
0.971875,20,1407.319159
0.976094,17,1407.488834
0.9775,16,1407.628369
0.983125,12,1407.73946
0.974688,18,1407.894036
0.96625,24,1408.129815
0.9775,16,1408.296775
0.974688,18,1408.49979
0.96625,24,1408.794087
0.978906,15,1408.952693
0.967656,23,1409.188052
0.981719,13,1409.303314
0.976094,17,1409.477511
0.969063,22,1409.688052
0.967656,23,1424.067954
0.970469,21,1424.331234
0.970469,21,1424.551229
0.974688,18,1424.741563
0.978906,15,1424.933352
0.969063,22,1425.195322
0.973281,19,1425.372897
0.974688,18,1425.648124
0.969063,22,1425.931798
0.970469,21,1426.168676
0.987344,9,1426.293798
0.9775,16,1426.475496
0.976094,17,1426.702172
0.971875,20,1426.921799
0.984531,11,1427.059136
0.963437,26,1427.352998
0.973281,19,1427.539783
0.976094,17,1427.687227
0.978906,15,1427.826598
0.978906,15,1427.958862
0.976094,17,1428.107858
0.970469,21,1428.309608
0.959219,29,1428.646142
0.971875,20,1428.835524
0.9775,16,1429.007265
0.980313,14,1429.128161
0.971875,20,1429.344294
0.962031,27,1443.343732
0.980313,14,1443.574619
0.9775,16,1443.818821
0.969063,22,1444.103955
0.978906,15,1444.277124
0.978906,15,1444.480849
0.984531,11,1444.608121
0.974688,18,1444.857859
0.969063,22,1445.140647
0.971875,20,1445.393703
0.974688,18,1445.617523
0.974688,18,1445.784924
0.980313,14,1445.946572
0.970469,21,1446.16221
0.974688,18,1446.399649
0.981719,13,1446.531805
0.969063,22,1446.829565
0.976094,17,1447.068363
0.964844,25,1447.335129
0.967656,23,1447.563548
0.96625,24,1447.827292
0.980313,14,1447.974099
0.978906,15,1448.113349
0.980313,14,1448.279647
0.980313,14,1448.416774
0.971875,20,1448.632269
0.964844,25,1448.88929
0.971875,20,1449.098945
0.983125,12,1449.204656
0.974688,18,1463.963994
0.967656,23,1464.179384
0.967656,23,1464.387053
0.973281,19,1464.564156
0.964844,25,1464.789675
0.983125,12,1464.914983
0.978906,15,1465.06007
0.978906,15,1465.18868
0.9775,16,1465.338118
0.967656,23,1465.549855
0.970469,21,1465.745754
0.976094,17,1465.901452
0.980313,14,1466.037378
0.970469,21,1466.235756
0.978906,15,1466.373676
0.974688,18,1466.519943
0.96625,24,1466.75137
0.973281,19,1466.957061
0.983125,12,1467.090294
0.970469,21,1467.279665
0.971875,20,1467.494672
0.970469,21,1467.676043
0.973281,19,1467.854817
0.967656,23,1468.1264
0.981719,13,1468.301444
0.963437,26,1468.587405
0.974688,18,1468.795903
0.963437,26,1484.436824
0.980313,14,1484.610572
0.96625,24,1484.922712
0.971875,20,1485.122572
0.967656,23,1485.424129
0.947969,37,1485.815728
0.964844,25,1486.029309
0.974688,18,1486.21171
0.9775,16,1486.365133
0.973281,19,1486.566315
0.978906,15,1486.727668
0.967656,23,1486.9634
0.956406,31,1487.262893
0.980313,14,1487.38996
0.969063,22,1487.612134
0.9775,16,1487.771906
0.970469,21,1488.048439
0.973281,19,1488.277888
0.976094,17,1488.490666
0.978906,15,1488.682519
0.964844,25,1488.989043
0.984531,11,1489.120543
0.969063,22,1489.376524
0.9325,48,1505.948068
0.981719,13,1506.057034
0.963437,26,1506.271801
0.970469,21,1506.44305
0.970469,21,1506.620157
0.9775,16,1506.748221
0.978906,15,1506.87234
0.976094,17,1507.029938
0.980313,14,1507.163761
0.969063,22,1507.343646
0.983125,12,1507.445266
0.962031,27,1507.68812
0.973281,19,1507.847078
0.960625,28,1508.079785
0.976094,17,1508.23243
0.971875,20,1508.405008
0.973281,19,1508.555033
0.969063,22,1508.727799
0.971875,20,1508.895593
0.973281,19,1509.045896
0.973281,19,1509.205602
0.981719,13,1509.316501
0.983125,12,1509.414694
0.980313,14,1509.532469
0.981719,13,1509.646438
0.970469,21,1509.84833
0.969063,22,1510.032082
0.973281,19,1510.183602
0.971875,20,1525.596431
0.9775,16,1525.752978
0.967656,23,1526.025033
0.963437,26,1526.28189
0.973281,19,1526.496796
0.971875,20,1526.684528
0.974688,18,1526.850312
0.970469,21,1527.059012
0.973281,19,1527.251915
0.978906,15,1527.385447
0.976094,17,1527.562398
0.967656,23,1527.84199
0.970469,21,1528.108454
0.973281,19,1528.309407
0.974688,18,1528.516109
0.974688,18,1528.683569
0.956406,31,1529.071767
0.980313,14,1529.22398
0.967656,23,1529.441609
0.976094,17,1529.671711
0.967656,23,1529.914254
0.9775,16,1530.054778
0.980313,14,1530.19381
0.96625,24,1530.44115
0.971875,20,1530.669733
0.974688,18,1530.962114
0.981719,13,1546.612468
0.973281,19,1546.820233
0.970469,21,1547.014098
0.984531,11,1547.140463
0.981719,13,1547.258518
0.981719,13,1547.390417
0.973281,19,1547.573943
0.969063,22,1547.81854
0.9775,16,1548.010277
0.978906,15,1548.181427
0.9775,16,1548.378595
0.9775,16,1548.581985
0.973281,19,1548.746476
0.983125,12,1548.850769
0.974688,18,1549.02942
0.974688,18,1549.213333
0.9775,16,1549.355734
0.964844,25,1549.609153
0.959219,29,1549.881301
0.971875,20,1550.0586
0.971875,20,1550.246527
0.970469,21,1550.470225
0.983125,12,1550.608255
0.976094,17,1550.795038
0.974688,18,1551.041483
0.96625,24,1551.385437
0.962031,27,1551.772049
0.962031,27,1552.115341
0.973281,19,1569.523184
0.983125,12,1569.625833
0.970469,21,1569.892082
0.967656,23,1570.115538
0.974688,18,1570.296317
0.9775,16,1570.453337
0.981719,13,1570.606335
0.971875,20,1570.798963
0.9775,16,1570.970778
0.964844,25,1571.230302
0.976094,17,1571.408144
0.973281,19,1571.653887
0.967656,23,1571.89761
0.980313,14,1572.025128
0.957812,30,1572.287931
0.96625,24,1572.554141
0.974688,18,1572.739947
0.970469,21,1572.955329
0.980313,14,1573.110114
0.976094,17,1573.26752
0.983125,12,1573.381419
0.983125,12,1573.495358
0.967656,23,1573.715721
0.967656,23,1573.931814
0.9775,16,1574.086117
0.963437,26,1574.340069
0.96625,24,1591.189781
0.978906,15,1591.432684
0.969063,22,1591.731447
0.973281,19,1592.002999
0.9775,16,1592.230548
0.974688,18,1592.485026
0.957812,30,1592.907636
0.985938,10,1593.033133
0.971875,20,1593.345716
0.980313,14,1593.54751
0.978906,15,1593.799473
0.963437,26,1594.18438
0.969063,22,1594.481774
0.9775,16,1594.755271
0.984531,11,1594.888926
0.981719,13,1595.058257
0.981719,13,1595.235136
0.973281,19,1595.493564
0.974688,18,1595.794806
0.962031,27,1596.194846
0.983125,12,1596.364699
0.969063,22,1596.727242
0.978906,15,1596.978474
0.981719,13,1597.081623
0.964844,25,1597.42812
0.9775,16,1597.707357
0.976094,17,1597.950188
0.974688,18,1598.20023
0.983125,12,1598.336273
0.970469,21,1616.079084
0.974688,18,1616.338173
0.978906,15,1616.570443
0.976094,17,1616.78533
0.9775,16,1617.027753
0.974688,18,1617.24884
0.973281,19,1617.478214
0.976094,17,1617.681171
0.96625,24,1618.014171
0.983125,12,1618.149749
0.96625,24,1618.516955
0.980313,14,1618.745227
0.976094,17,1619.005245
0.983125,12,1619.179571
0.974688,18,1619.419415
0.974688,18,1619.671849
0.967656,23,1620.004669
0.959219,29,1620.371196
0.980313,14,1620.590419
0.976094,17,1620.815297
0.981719,13,1620.949022
0.971875,20,1621.249391
0.978906,15,1621.453837
0.969063,22,1621.738154
0.976094,17,1621.913096
0.974688,18,1622.21883
0.970469,21,1622.457691
0.974688,18,1622.70163
0.96625,24,1637.101093
0.964844,25,1637.472557
0.970469,21,1637.778618
0.971875,20,1638.044374
0.974688,18,1638.29959
0.971875,20,1638.540955
0.96625,24,1638.900698
0.96625,24,1639.221204
0.971875,20,1639.488033
0.98875,8,1639.586556
0.978906,15,1639.795348
0.976094,17,1640.062183
0.980313,14,1640.234292
0.973281,19,1640.456725
0.969063,22,1640.71611
0.970469,21,1641.009167
0.970469,21,1641.282815
0.976094,17,1641.508215
0.970469,21,1641.823692
0.973281,19,1642.114257
0.976094,17,1642.332318
0.973281,19,1642.560373
0.980313,14,1642.698769
0.973281,19,1642.902929
0.973281,19,1643.120979
0.980313,14,1643.349843
0.980313,14,1643.55661
0.971875,20,1643.867551
0.978906,15,1656.330406
0.980313,14,1656.472495
0.976094,17,1656.625096
0.980313,14,1656.74498
0.9775,16,1656.887124
0.969063,22,1657.14209
0.967656,23,1657.400305
0.967656,23,1657.655264
0.973281,19,1657.921163
0.973281,19,1658.150204
0.976094,17,1658.318443
0.974688,18,1658.523812
0.981719,13,1658.677539
0.9775,16,1658.847233
0.971875,20,1659.056568
0.969063,22,1659.307019
0.976094,17,1659.490116
0.971875,20,1659.683185
0.970469,21,1659.89831
0.981719,13,1660.026856
0.974688,18,1660.2253
0.970469,21,1660.426056
0.973281,19,1660.632003
0.973281,19,1660.862131
0.973281,19,1661.03185
0.971875,20,1661.231352
0.974688,18,1661.42953
0.963437,26,1661.666276
0.973281,19,1675.20771
0.974688,18,1675.369814
0.976094,17,1675.52057
0.976094,17,1675.665008
0.973281,19,1675.979621
0.973281,19,1676.286247
0.967656,23,1676.63804
0.971875,20,1676.879741
0.974688,18,1677.070124
0.971875,20,1677.253202
0.971875,20,1677.451801
0.983125,12,1677.560754
0.980313,14,1677.690837
0.976094,17,1677.868306
0.973281,19,1678.050019
0.973281,19,1678.229982
0.9775,16,1678.389608
0.978906,15,1678.51519
0.974688,18,1678.671392
0.974688,18,1678.822927
0.978906,15,1678.961805
0.967656,23,1679.168303
0.981719,13,1679.27974
0.970469,21,1679.470427
0.962031,27,1679.700238
0.976094,17,1679.854167
0.974688,18,1679.999651
0.981719,13,1680.110372
0.969063,22,1692.972367
0.974688,18,1693.112031
0.976094,17,1693.243234
0.978906,15,1693.356297
0.969063,22,1693.527123
0.976094,17,1693.659047
0.969063,22,1693.837079
0.971875,20,1694.020532
0.984531,11,1694.120121
0.983125,12,1694.217781
0.967656,23,1694.425322
0.96625,24,1694.639052
0.984531,11,1694.733889
0.974688,18,1694.89477
0.586562,294,1709.935368
0.960625,28,1710.170154
0.974688,18,1710.312334
0.976094,17,1710.443656
0.983125,12,1710.530725
0.974688,18,1710.683501
0.978906,15,1710.847225
0.971875,20,1711.005038
0.960625,28,1711.231218
0.970469,21,1711.415834
0.967656,23,1711.625822
0.9775,16,1711.749969
0.970469,21,1711.936753
0.970469,21,1712.125376
0.983125,12,1712.228804
0.973281,19,1712.387076
0.976094,17,1712.546
0.98875,8,1712.614034
0.976094,17,1712.763814
0.980313,14,1712.88432
0.976094,17,1713.03236
0.969063,22,1713.207917
0.96625,24,1713.415319
0.978906,15,1713.535432
0.983125,12,1713.626662
0.981719,13,1713.734328
0.970469,21,1713.923589
0.973281,19,1726.790586
0.974688,18,1726.979751
0.981719,13,1727.135089
0.970469,21,1727.374619
0.985938,10,1727.461948
0.973281,19,1727.647838
0.969063,22,1727.917181
0.969063,22,1728.207939
0.983125,12,1728.374763
0.970469,21,1728.581521
0.969063,22,1728.789538
0.9775,16,1728.968937
0.96625,24,1729.212357
0.980313,14,1729.391522
0.9775,16,1729.562196
0.981719,13,1729.688078
0.9775,16,1729.842046
0.976094,17,1730.025005
0.973281,19,1730.217094
0.983125,12,1730.337083
0.970469,21,1730.58137
0.964844,25,1730.871093
0.980313,14,1731.033665
0.96625,24,1731.273025
0.981719,13,1731.392757
0.973281,19,1731.571255
0.978906,15,1731.698115
0.971875,20,1731.976442
0.981719,13,1732.087594
0.967656,23,1746.553201
0.978906,15,1746.720192
0.973281,19,1746.877636
0.964844,25,1747.190493
0.974688,18,1747.369144
0.971875,20,1747.587632
0.971875,20,1747.803314
0.970469,21,1748.048017
0.9775,16,1748.202899
0.969063,22,1748.449355
0.973281,19,1748.71408
0.9775,16,1748.952416
0.980313,14,1749.089125
0.980313,14,1749.288881
0.980313,14,1749.426464
0.980313,14,1749.602285
0.978906,15,1749.756274
0.964844,25,1750.075451
0.969063,22,1750.266158
0.9775,16,1750.465302
0.978906,15,1750.63104
0.978906,15,1750.768534
0.971875,20,1750.972261
0.973281,19,1751.240522
0.971875,20,1751.510958
0.978906,15,1751.708718
0.976094,17,1751.932681
0.971875,20,1752.169379
0.970469,21,1752.421152
0.970469,21,1765.836971
0.983125,12,1765.956959
0.9775,16,1766.144972
0.984531,11,1766.257242
0.973281,19,1766.491771
0.971875,20,1766.728445
0.976094,17,1766.943176
0.973281,19,1767.198721
0.974688,18,1767.361725
0.973281,19,1767.56847
0.967656,23,1767.837654
0.973281,19,1768.034073
0.969063,22,1768.287981
0.978906,15,1768.466485
0.959219,29,1768.820478
0.9775,16,1769.005641
0.970469,21,1769.228603
0.983125,12,1769.368832
0.970469,21,1769.614622
0.980313,14,1769.754354
0.971875,20,1769.972842
0.971875,20,1770.207812
0.973281,19,1770.459033
0.978906,15,1770.624448
0.969063,22,1770.883637
0.9775,16,1771.050047
0.976094,17,1771.236196
0.971875,20,1771.531705
0.978906,15,1786.143124
0.974688,18,1786.362858
0.9775,16,1786.563468
0.9775,16,1786.763159
0.976094,17,1786.931312
0.9775,16,1787.09509
0.978906,15,1787.305182
0.976094,17,1787.587166
0.978906,15,1787.753598
0.976094,17,1787.928398
0.974688,18,1788.146029
0.959219,29,1788.423133
0.976094,17,1788.689567
0.971875,20,1788.880964
0.973281,19,1789.068683
0.981719,13,1789.296179
0.973281,19,1789.546851
0.978906,15,1789.792474
0.980313,14,1789.95666
0.969063,22,1790.221402
0.9775,16,1790.455489
0.973281,19,1790.667316
0.973281,19,1790.945569
0.981719,13,1791.093475
0.983125,12,1791.292783
0.9775,16,1791.535529
0.9775,16,1791.739633
0.973281,19,1792.010765
0.9775,16,1792.27577
0.981719,13,1792.417021
0.974688,18,1811.003138
0.983125,12,1811.112075
0.971875,20,1811.277599
0.976094,17,1811.415193
0.973281,19,1811.611627
0.981719,13,1811.717983
0.974688,18,1811.872099
0.964844,25,1812.090083
0.971875,20,1812.244017
0.964844,25,1812.440567
0.970469,21,1812.600402
0.978906,15,1812.715701
0.971875,20,1812.889893
0.976094,17,1813.027823
0.973281,19,1813.177441
0.983125,12,1813.272175
0.974688,18,1813.41023
0.973281,19,1813.558891
0.96625,24,1813.75931
0.973281,19,1813.911683
0.976094,17,1814.049612
0.976094,17,1814.200972
0.974688,18,1814.34623
0.981719,13,1814.452773
0.9775,16,1814.578086
0.969063,22,1814.75257
0.981719,13,1814.853742
0.964844,25,1815.058177
0.970469,21,1827.320812
0.973281,19,1827.499844
0.978906,15,1827.635496
0.971875,20,1827.812529
0.976094,17,1827.937103
0.981719,13,1828.03314
0.974688,18,1828.239124
0.9775,16,1828.404625
0.978906,15,1828.563994
0.971875,20,1828.722856
0.970469,21,1828.958377
0.976094,17,1829.107647
0.978906,15,1829.268051
0.978906,15,1829.404678
0.973281,19,1829.550137
0.974688,18,1829.701902
0.970469,21,1829.954214
0.963437,26,1830.226028
0.974688,18,1830.407414
0.973281,19,1830.618684
0.974688,18,1830.80216
0.9775,16,1830.966076
0.973281,19,1831.1229
0.971875,20,1831.322882
0.96625,24,1831.566575
0.971875,20,1831.780819
0.983125,12,1831.925565
0.978906,15,1832.066321
0.969063,22,1850.303621
0.970469,21,1850.532702
0.976094,17,1850.753201
0.980313,14,1850.911749
0.976094,17,1851.096487
0.970469,21,1851.384919
0.969063,22,1851.640211
0.980313,14,1851.808209
0.973281,19,1852.080591
0.969063,22,1852.315204
0.9775,16,1852.508443
0.978906,15,1852.705249
0.978906,15,1852.892638
0.976094,17,1853.105221
0.963437,26,1853.422908
0.978906,15,1853.611289
0.981719,13,1853.787699
0.974688,18,1854.03179
0.981719,13,1854.201016
0.9775,16,1854.385264
0.9775,16,1854.58572
0.974688,18,1854.843398
0.969063,22,1855.083896
0.980313,14,1855.269041
0.973281,19,1855.55487
0.980313,14,1855.73254
0.974688,18,1856.038718
0.970469,21,1856.40212
0.983125,12,1856.563588
0.980313,14,1856.74158
0.976094,17,1874.741873
0.980313,14,1874.950471
0.980313,14,1875.14664
0.971875,20,1875.366976
0.969063,22,1875.629319
0.9775,16,1875.793877
0.973281,19,1876.075962
0.974688,18,1876.269303
0.978906,15,1876.422165
0.971875,20,1876.717044
0.974688,18,1876.965283
0.976094,17,1877.166784
0.980313,14,1877.341739
0.967656,23,1877.625087
0.978906,15,1877.812143
0.971875,20,1878.010437
0.9775,16,1878.186845
0.9775,16,1878.373657
0.971875,20,1878.628438
0.980313,14,1878.767007
0.963437,26,1879.038247
0.976094,17,1879.213984
0.9775,16,1879.403162
0.981719,13,1879.559937
0.983125,12,1879.735836
0.969063,22,1879.960811
0.983125,12,1880.083443
0.981719,13,1880.242517
0.976094,17,1880.447721
0.983125,12,1880.552371
0.980313,14,1898.306839
0.967656,23,1898.619545
0.973281,19,1898.936534
0.969063,22,1899.304992
0.974688,18,1899.60437
0.974688,18,1899.874178
0.980313,14,1900.10865
0.980313,14,1900.32986
0.971875,20,1900.58797
0.969063,22,1900.956775
0.970469,21,1901.270988
0.9775,16,1901.494412
0.971875,20,1901.787806
0.980313,14,1901.945245
0.978906,15,1902.190241
0.980313,14,1902.388555
0.976094,17,1902.636293
0.970469,21,1902.906507
0.96625,24,1903.214128
0.973281,19,1903.505564
0.980313,14,1903.716789
0.978906,15,1903.965858
0.971875,20,1904.305497
0.976094,17,1904.545458
0.981719,13,1904.774231
0.976094,17,1905.03633
0.974688,18,1905.29234
0.978906,15,1905.511188
0.969063,22,1905.802742
0.974688,18,1923.258036
0.973281,19,1923.483998
0.96625,24,1923.739546
0.983125,12,1923.865144
0.9775,16,1924.027642
0.970469,21,1924.262255
0.976094,17,1924.442011
0.980313,14,1924.58666
0.974688,18,1924.769646
0.987344,9,1924.862105
0.984531,11,1924.981603
0.970469,21,1925.193701
0.9775,16,1925.369833
0.9775,16,1925.521852
0.976094,17,1925.695064
0.978906,15,1925.84033
0.978906,15,1926.025687
0.973281,19,1926.216346
0.976094,17,1926.389776
0.973281,19,1926.595645
0.974688,18,1926.765898
0.971875,20,1926.952263
0.973281,19,1927.161446
0.963437,26,1927.424816
0.969063,22,1927.656227
0.978906,15,1927.795998
0.9775,16,1927.949878
0.9775,16,1928.097825
0.980313,14,1928.223439
0.973281,19,1942.769508
0.976094,17,1942.993326
0.983125,12,1943.140329
0.971875,20,1943.397888
0.976094,17,1943.606904
0.969063,22,1943.934549
0.9775,16,1944.157242
0.978906,15,1944.366195
0.973281,19,1944.562784
0.981719,13,1944.739923
0.980313,14,1944.940497
0.974688,18,1945.185627
0.967656,23,1945.526153
0.970469,21,1945.829325
0.971875,20,1946.085557
0.973281,19,1946.345061
0.976094,17,1946.553779
0.96625,24,1946.871906
0.980313,14,1947.082767
0.967656,23,1947.365105
0.9775,16,1947.599012
0.96625,24,1947.885423
0.9775,16,1948.153908
0.978906,15,1948.334992
0.96625,24,1948.689811
0.978906,15,1948.924095
0.9775,16,1949.177499
0.969063,22,1949.493268
0.980313,14,1949.671772
0.971875,20,1963.267558
0.971875,20,1963.489985
0.973281,19,1963.728967
0.974688,18,1964.000927
0.96625,24,1964.309117
0.978906,15,1964.534007
0.9775,16,1964.74536
0.970469,21,1965.044687
0.981719,13,1965.259804
0.980313,14,1965.466592
0.978906,15,1965.649303
0.971875,20,1965.994342
0.971875,20,1966.303126
0.973281,19,1966.541997
0.976094,17,1966.790886
0.983125,12,1966.917937
0.967656,23,1967.257054
0.985938,10,1967.370817
0.971875,20,1967.613752
0.967656,23,1967.94579
0.9775,16,1968.166833
0.980313,14,1968.36152
0.973281,19,1968.631992
0.978906,15,1968.842976
0.970469,21,1969.068709
0.970469,21,1969.382442
0.980313,14,1969.592598
0.970469,21,1969.822817
0.973281,19,1984.954162
0.978906,15,1985.087289
0.970469,21,1985.264935
0.980313,14,1985.387186
0.980313,14,1985.509124
0.983125,12,1985.619871
0.970469,21,1985.800813
0.976094,17,1985.964995
0.974688,18,1986.125771
0.971875,20,1986.29999
0.978906,15,1986.465497
0.978906,15,1986.591442
0.978906,15,1986.730035
0.973281,19,1986.913744
0.971875,20,1987.108085
0.978906,15,1987.258162
0.974688,18,1987.43396
0.971875,20,1987.622512
0.983125,12,1987.727868
0.970469,21,1987.916809
0.980313,14,1988.028582
0.971875,20,1988.196037
0.973281,19,1988.359525
0.978906,15,1988.47807
0.969063,22,1988.651988
0.974688,18,1988.805076
0.9775,16,1988.935534
0.978906,15,1989.049836
0.969063,22,1989.222752
0.973281,19,1989.373809
0.976094,17,2003.983955
0.9775,16,2004.160264
0.970469,21,2004.366839
0.971875,20,2004.562441
0.974688,18,2004.767042
0.974688,18,2004.978523
0.980313,14,2005.106023
0.974688,18,2005.294895
0.969063,22,2005.50441
0.970469,21,2005.736709
0.964844,25,2005.984422
0.973281,19,2006.175971
0.971875,20,2006.391999
0.973281,19,2006.58991
0.967656,23,2006.82211
0.981719,13,2006.975634
0.980313,14,2007.168392
0.984531,11,2007.312612
0.970469,21,2007.547203
0.976094,17,2007.735297
0.980313,14,2007.898908
0.963437,26,2008.151279
0.970469,21,2008.392514
0.981719,13,2008.553468
0.9775,16,2008.793258
0.971875,20,2009.082686
0.973281,19,2009.34574
0.967656,23,2025.479519
0.976094,17,2025.688669
0.971875,20,2025.912007
0.978906,15,2026.082437
0.987344,9,2026.176355
0.974688,18,2026.347958
0.973281,19,2026.612756
0.978906,15,2026.811865
0.976094,17,2026.981558
0.973281,19,2027.168134
0.967656,23,2027.420514
0.973281,19,2027.634569
0.984531,11,2027.743911
0.969063,22,2027.99702
0.978906,15,2028.117528
0.96625,24,2028.35855
0.978906,15,2028.505262
0.976094,17,2028.6983
0.9775,16,2028.856927
0.978906,15,2029.02062
0.969063,22,2029.240978
0.983125,12,2029.343547
0.974688,18,2029.510554
0.978906,15,2029.642243
0.963437,26,2029.898735
0.983125,12,2030.0096
0.974688,18,2030.187367
0.973281,19,2030.385208
0.971875,20,2030.578858
0.976094,17,2030.770709
0.974688,18,2046.590593
0.9775,16,2046.759448
0.981719,13,2046.892552
0.9775,16,2047.108337
0.974688,18,2047.335948
0.9775,16,2047.554535
0.976094,17,2047.819306
0.967656,23,2048.076568
0.978906,15,2048.246314
0.980313,14,2048.485904
0.96625,24,2048.837449
0.983125,12,2048.98151
0.973281,19,2049.204932
0.983125,12,2049.345952
0.9775,16,2049.563243
0.971875,20,2049.829155
0.973281,19,2050.08473
0.978906,15,2050.270418
0.973281,19,2050.470692
0.9775,16,2050.641021
0.96625,24,2050.941843
0.970469,21,2051.204952
0.9775,16,2051.409711
0.976094,17,2051.602553
0.980313,14,2051.78613
0.962031,27,2052.087985
0.969063,22,2052.353196
0.978906,15,2052.518828
0.967656,23,2066.864137
0.9775,16,2067.083887
0.974688,18,2067.265546
0.971875,20,2067.512444
0.970469,21,2067.747662
0.96625,24,2067.987515
0.980313,14,2068.207305
0.973281,19,2068.430155
0.978906,15,2068.601704
0.971875,20,2068.858303
0.967656,23,2069.159667
0.974688,18,2069.45047
0.969063,22,2069.651664
0.9775,16,2069.861838
0.967656,23,2070.094756
0.980313,14,2070.215323
0.974688,18,2070.449167
0.9775,16,2070.619042
0.970469,21,2070.852603
0.9775,16,2070.991877
0.9775,16,2071.20177
0.974688,18,2071.430485
0.969063,22,2071.759955
0.976094,17,2071.926312
0.964844,25,2072.231136
0.964844,25,2072.539162
0.976094,17,2072.734146
0.980313,14,2072.910628
0.983125,12,2088.992731
0.962031,27,2089.28646
0.978906,15,2089.478672
0.9775,16,2089.652601
0.980313,14,2089.813443
0.970469,21,2090.061873
0.9775,16,2090.257462
0.9775,16,2090.434152
0.9775,16,2090.647113
0.973281,19,2090.879943
0.976094,17,2091.075634
0.974688,18,2091.28943
0.971875,20,2091.534082
0.974688,18,2091.751229
0.974688,18,2091.976121
0.969063,22,2092.2795
0.964844,25,2092.567552
0.971875,20,2092.870251
0.976094,17,2093.07721
0.978906,15,2093.319576
0.980313,14,2093.482218
0.976094,17,2093.706029
0.978906,15,2093.861755
0.974688,18,2094.066161
0.974688,18,2094.284846
0.969063,22,2094.560907
0.981719,13,2094.730999
0.9775,16,2094.88338
0.96625,24,2111.369973
0.980313,14,2111.579649
0.974688,18,2111.819832
0.971875,20,2112.0926
0.971875,20,2112.341043
0.974688,18,2112.608558
0.971875,20,2112.879539
0.973281,19,2113.124187
0.973281,19,2113.380664
0.976094,17,2113.652773
0.969063,22,2113.92893
0.981719,13,2114.079949
0.978906,15,2114.243885
0.9775,16,2114.46911
0.976094,17,2114.681841
0.974688,18,2114.928386
0.971875,20,2115.142014
0.981719,13,2115.31403
0.978906,15,2115.485965
0.974688,18,2115.695764
0.974688,18,2115.926155
0.973281,19,2116.166927
0.974688,18,2116.370743
0.980313,14,2116.536868
0.964844,25,2116.876958
0.971875,20,2117.146582
0.9775,16,2117.363977
0.974688,18,2117.636617
0.9775,16,2117.85267
0.970469,21,2138.456631
0.976094,17,2138.710994
0.974688,18,2139.007519
0.978906,15,2139.231178
0.970469,21,2139.591674
0.967656,23,2139.878735
0.9775,16,2140.094468
0.976094,17,2140.32571
0.973281,19,2140.612048
0.983125,12,2140.834366
0.969063,22,2141.161607
0.976094,17,2141.404458
0.976094,17,2141.62284
0.9775,16,2141.886385
0.976094,17,2142.170611
0.980313,14,2142.339301
0.976094,17,2142.579971
0.974688,18,2142.884316
0.969063,22,2143.277539
0.976094,17,2143.549406
0.978906,15,2143.813751
0.974688,18,2144.073969
0.984531,11,2144.233786
0.962031,27,2144.706681
0.970469,21,2144.963681
0.971875,20,2145.297623
0.967656,23,2145.601587
0.971875,20,2145.879183
0.985938,10,2146.039671
0.976094,17,2161.665227
0.983125,12,2161.793222
0.973281,19,2161.938521
0.974688,18,2162.077429
0.973281,19,2162.226537
0.980313,14,2162.335829
0.973281,19,2162.489581
0.974688,18,2162.646699
0.970469,21,2162.826268
0.980313,14,2162.936466
0.976094,17,2163.066015
0.976094,17,2163.196373
0.9775,16,2163.323662
0.971875,20,2163.485073
0.974688,18,2163.634037
0.976094,17,2163.771838
0.981719,13,2163.873973
0.970469,21,2164.040973
0.980313,14,2164.149365
0.980313,14,2164.260227
0.974688,18,2164.405289
0.967656,23,2164.589368
0.973281,19,2164.74802
0.9775,16,2164.8775
0.974688,18,2165.022559
0.981719,13,2165.13472
0.9775,16,2165.269401
0.9775,16,2165.422611
0.978906,15,2165.544902
0.976094,17,2165.685146
0.974688,18,2180.100123
0.980313,14,2180.23169
0.973281,19,2180.457538
0.931094,49,2181.022084
0.978906,15,2181.221736
0.967656,23,2181.491573
0.978906,15,2181.626052
0.978906,15,2181.79568
0.981719,13,2181.93062
0.970469,21,2182.139542
0.980313,14,2182.334562
0.973281,19,2182.551154
0.970469,21,2182.856452
0.962031,27,2183.226455
0.978906,15,2183.385152
0.978906,15,2183.549458
0.973281,19,2183.800465
0.971875,20,2184.205844
0.9775,16,2184.491159
0.9775,16,2184.706287
0.970469,21,2185.07077
0.969063,22,2185.357508
0.963437,26,2185.632882
0.969063,22,2185.957991
0.9775,16,2186.190979
0.976094,17,2186.411146
0.978906,15,2204.820618
0.976094,17,2205.067638
0.978906,15,2205.278818
0.976094,17,2205.54623
0.969063,22,2205.861868
0.976094,17,2206.064156
0.970469,21,2206.433719
0.973281,19,2206.675127
0.964844,25,2207.046013
0.978906,15,2207.302361
0.974688,18,2207.549573
0.980313,14,2207.747067
0.985938,10,2207.912717
0.976094,17,2208.167026
0.976094,17,2208.361144
0.970469,21,2208.681735
0.973281,19,2208.967917
0.976094,17,2209.195139
0.980313,14,2209.43056
0.984531,11,2209.602363
0.985938,10,2209.720827
0.971875,20,2210.081741
0.974688,18,2210.35723
0.978906,15,2210.606462
0.978906,15,2210.852746
0.973281,19,2211.198097
0.973281,19,2211.451386
0.980313,14,2211.645728
0.976094,17,2211.949085
0.978906,15,2212.168641
0.970469,21,2227.927358
0.980313,14,2228.047951
0.974688,18,2228.210631
0.976094,17,2228.395467
0.976094,17,2228.588929
0.983125,12,2228.728795
0.976094,17,2228.934673
0.976094,17,2229.160196
0.971875,20,2229.390634
0.976094,17,2229.569623
0.980313,14,2229.725844
0.9775,16,2229.909743
0.971875,20,2230.122677
0.978906,15,2230.247865
0.969063,22,2230.451773
0.974688,18,2230.628486
0.9775,16,2230.789776
0.974688,18,2230.978801
0.971875,20,2231.168085
0.978906,15,2231.313351
0.96625,24,2231.53665
0.9775,16,2231.688995
0.969063,22,2231.898893
0.969063,22,2232.127205
0.981719,13,2232.264537
0.980313,14,2232.399751
0.9775,16,2232.557254
0.971875,20,2232.745277
0.973281,19,2232.967723
0.973281,19,2233.153285
0.973281,19,2250.432609
0.96625,24,2250.685279
0.974688,18,2250.882787
0.967656,23,2251.1395
0.980313,14,2251.284727
0.973281,19,2251.478197
0.96625,24,2251.718425
0.980313,14,2251.854227
0.985938,10,2251.944029
0.971875,20,2252.157955
0.976094,17,2252.353924
0.969063,22,2252.572049
0.969063,22,2252.860934
0.984531,11,2252.972667
0.976094,17,2253.153395
0.973281,19,2253.360469
0.9775,16,2253.530403
0.971875,20,2253.777819
0.971875,20,2254.023782
0.983125,12,2254.149231
0.976094,17,2254.348468
0.970469,21,2254.59521
0.974688,18,2254.782771
0.973281,19,2254.979658
0.973281,19,2255.188398
0.981719,13,2255.33597
0.973281,19,2255.537443
0.971875,20,2255.746153
0.974688,18,2272.356873
0.967656,23,2272.61736
0.971875,20,2272.837146
0.981719,13,2272.981315
0.984531,11,2273.07075
0.981719,13,2273.195494
0.970469,21,2273.429209
0.976094,17,2273.62037
0.978906,15,2273.752552
0.974688,18,2273.928102
0.976094,17,2274.102503
0.969063,22,2274.322826
0.969063,22,2274.603954
0.976094,17,2274.802733
0.967656,23,2275.054225
0.969063,22,2275.270495
0.976094,17,2275.419416
0.969063,22,2275.758962
0.981719,13,2275.951907
0.96625,24,2276.228967
0.970469,21,2276.473374
0.978906,15,2276.662531
0.981719,13,2276.8058
0.976094,17,2276.987185
0.973281,19,2277.172481
0.973281,19,2277.368929
0.980313,14,2277.523992
0.976094,17,2277.708724
0.978906,15,2277.858087
0.969063,22,2294.112355
0.976094,17,2294.255537
0.963437,26,2294.511703
0.9775,16,2294.680522
0.981719,13,2294.802048
0.974688,18,2294.994832
0.970469,21,2295.318346
0.980313,14,2295.540765
0.973281,19,2295.771911
0.970469,21,2296.025291
0.964844,25,2296.454243
0.9775,16,2296.670403
0.981719,13,2296.842624
0.962031,27,2297.121612
0.981719,13,2297.257509
0.980313,14,2297.406952
0.976094,17,2297.60492
0.980313,14,2297.774025
0.967656,23,2298.003294
0.970469,21,2298.222423
0.9775,16,2298.387259
0.964844,25,2298.642911
0.974688,18,2298.823767
0.976094,17,2298.977653
0.974688,18,2299.15627
0.964844,25,2299.406377
0.974688,18,2299.652417
0.981719,13,2315.364954
0.9775,16,2315.49565
0.971875,20,2315.657779
0.974688,18,2315.812164
0.973281,19,2315.963654
0.978906,15,2316.09002
0.970469,21,2316.265542
0.974688,18,2316.431127
0.970469,21,2316.604898
0.976094,17,2316.755922
0.973281,19,2316.91508
0.978906,15,2317.034355
0.971875,20,2317.201067
0.976094,17,2317.336033
0.974688,18,2317.48416
0.973281,19,2317.642782
0.980313,14,2317.789285
0.980313,14,2317.946333
0.971875,20,2318.142169
0.978906,15,2318.266063
0.981719,13,2318.399362
0.976094,17,2318.56662
0.976094,17,2318.724115
0.9775,16,2318.88765
0.971875,20,2319.068056
0.967656,23,2319.267591
0.96625,24,2319.470515
0.974688,18,2319.622125
0.980313,14,2319.745737
0.973281,19,2335.495052
0.978906,15,2335.616709
0.981719,13,2335.746442
0.970469,21,2335.938666
0.96625,24,2336.173936
0.978906,15,2336.331246
0.978906,15,2336.485872
0.970469,21,2336.692628
0.96625,24,2336.902056
0.9775,16,2337.040504
0.9775,16,2337.177509
0.967656,23,2337.36967
0.974688,18,2337.521983
0.971875,20,2337.686247
0.970469,21,2337.858709
0.964844,25,2338.057883
0.969063,22,2338.249117
0.974688,18,2338.4049
0.978906,15,2338.526897
0.973281,19,2338.681919
0.970469,21,2338.851903
0.973281,19,2339.009684
0.974688,18,2339.15925
0.976094,17,2339.30062
0.981719,13,2339.405781
0.978906,15,2339.527514
0.983125,12,2339.627174
0.967656,23,2339.837927
0.971875,20,2355.302903
0.984531,11,2355.408563
0.971875,20,2355.581306
0.970469,21,2355.780692
0.969063,22,2355.969944
0.974688,18,2356.12031
0.973281,19,2356.307185
0.970469,21,2356.500212
0.978906,15,2356.635908
0.9775,16,2356.803942
0.976094,17,2356.968745
0.976094,17,2357.133119
0.978906,15,2357.266543
0.976094,17,2357.430454
0.985938,10,2357.519746
0.978906,15,2357.655335
0.978906,15,2357.786108
0.973281,19,2357.969317
0.971875,20,2358.161794
0.981719,13,2358.280728
0.980313,14,2358.431611
0.971875,20,2358.615923
0.9775,16,2358.766411
0.980313,14,2358.898429
0.962031,27,2359.17517
0.971875,20,2359.40633
0.976094,17,2359.575077
0.971875,20,2359.777105
0.9775,16,2359.931788
0.978906,15,2375.158646
0.983125,12,2375.26087
0.9775,16,2375.468304
0.974688,18,2375.667896
0.980313,14,2375.805161
0.973281,19,2375.99776
0.984531,11,2376.143833
0.9775,16,2376.347569
0.970469,21,2376.534948
0.980313,14,2376.661621
0.983125,12,2376.798523
0.971875,20,2376.983767
0.971875,20,2377.2127
0.983125,12,2377.315144
0.976094,17,2377.480613
0.9775,16,2377.646523
0.974688,18,2377.81868
0.976094,17,2377.981719
0.969063,22,2378.213411
0.974688,18,2378.404613
0.9775,16,2378.617824
0.971875,20,2378.818736
0.9775,16,2378.979039
0.980313,14,2379.130919
0.980313,14,2379.271317
0.963437,26,2379.532089
0.970469,21,2379.786323
0.980313,14,2379.946349
0.976094,17,2380.104881
0.981719,13,2380.216515
0.984531,11,2380.32997
0.978906,15,2395.035344
0.981719,13,2395.184369
0.973281,19,2395.373901
0.973281,19,2395.542327
0.978906,15,2395.756453
0.971875,20,2395.987509
0.9775,16,2396.187113
0.9775,16,2396.40328
0.976094,17,2396.576184
0.980313,14,2396.758128
0.973281,19,2396.927412
0.970469,21,2397.182686
0.980313,14,2397.328914
0.974688,18,2397.521074
0.980313,14,2397.669651
0.973281,19,2397.872396
0.980313,14,2398.020456
0.971875,20,2398.217021
0.970469,21,2398.468806
0.974688,18,2398.687654
0.970469,21,2398.886447
0.969063,22,2399.077382
0.974688,18,2399.245465
0.9775,16,2399.459552
0.973281,19,2399.639916
0.978906,15,2399.785454
0.964844,25,2400.038836
0.980313,14,2400.178601
0.974688,18,2400.370714
0.973281,19,2415.838841
0.971875,20,2416.149465
0.974688,18,2416.426062
0.981719,13,2416.617089
0.971875,20,2416.966726
0.973281,19,2417.271098
0.9775,16,2417.480664
0.978906,15,2417.697616
0.967656,23,2418.023543
0.974688,18,2418.315096
0.978906,15,2418.522715
0.978906,15,2418.703425
0.973281,19,2418.968691
0.967656,23,2419.333997
0.960625,28,2419.791871
0.976094,17,2420.09362
0.974688,18,2420.331378
0.969063,22,2420.715238
0.9775,16,2420.93229
0.969063,22,2421.28319
0.974688,18,2421.493354
0.978906,15,2421.737417
0.980313,14,2421.961016
0.969063,22,2422.273465
0.974688,18,2422.554023
0.971875,20,2422.795195
0.973281,19,2423.078232
0.976094,17,2423.373705
0.974688,18,2439.038231
0.976094,17,2439.187074
0.9775,16,2439.329876
0.973281,19,2439.491323
0.9775,16,2439.629823
0.96625,24,2439.904878
0.985938,10,2439.99847
0.973281,19,2440.217699
0.967656,23,2440.436235
0.971875,20,2440.626654
0.96625,24,2440.843884
0.971875,20,2441.030979
0.981719,13,2441.14855
0.974688,18,2441.305095
0.970469,21,2441.485782
0.9775,16,2441.616871
0.9775,16,2441.787526
0.964844,25,2442.049152
0.970469,21,2442.267194
0.970469,21,2442.443699
0.976094,17,2442.617811
0.96625,24,2442.861674
0.9775,16,2443.034942
0.9775,16,2443.209474
0.969063,22,2443.463467
0.974688,18,2443.64614
0.981719,13,2443.782427
0.980313,14,2458.594112
0.970469,21,2458.763209
0.971875,20,2458.92317
0.967656,23,2459.108341
0.967656,23,2459.297237
0.969063,22,2459.471664
0.978906,15,2459.591759
0.974688,18,2459.754133
0.978906,15,2459.885619
0.9775,16,2460.016592
0.974688,18,2460.161307
0.976094,17,2460.29911
0.969063,22,2460.478421
0.981719,13,2460.586507
0.970469,21,2460.763558
0.974688,18,2460.912622
0.976094,17,2461.055301
0.9775,16,2461.186231
0.976094,17,2461.323675
0.978906,15,2461.444431
0.976094,17,2461.582167
0.976094,17,2461.718977
0.978906,15,2461.838303
0.984531,11,2461.922268
0.971875,20,2462.083282
0.970469,21,2462.24841
0.981719,13,2462.351875
0.973281,19,2462.504126
0.978906,15,2462.625241
0.971875,20,2478.282893
0.970469,21,2478.4929
0.962031,27,2478.774498
0.804531,139,2480.588928
0.832656,119,2482.495714
0.978906,15,2482.74342
0.973281,19,2483.113144
0.983125,12,2483.293114
0.976094,17,2483.602616
0.967656,23,2484.045818
0.985938,10,2484.226611
0.970469,21,2484.67666
0.838281,115,2503.465571
0,640,2531.283176
0,640,2556.750733
