time/total_timesteps,train/loss,train/explained_variance,train/n_updates,train/dsc_loss_mean,train/pos_dsc_loss_mean,train/neg_dsc_loss_mean,train/key_loss_mean,train/door_loss_mean,train/pos_loss_mean,train/key_dist_mean,train/door_dist_mean,train/goal_dist_mean,train/n_valid_samples_mean,train/n_valid_pos_samples_mean,train/n_valid_neg_samples_mean,train/policy_loss_mean,train/value_loss_mean,train/entropy_loss_mean,train/adv_mean,train/adv_std_mean,train/clip_fraction_mean,train/approx_kl_div_mean,
8192,-0.019459020346403122,0.0,4,0.49477025447413325,0.4760085232555866,0.5135319828987122,0.0,0.0,0.0,0.0,0.0,0.0,1023.96875,512.0,511.96875,-2.243215955211042e-07,3.2563791633458716e-05,-1.9459097664803267,2.2432128998772782e-07,2.1652418813467023e-07,0.0,0.0,
16384,-0.05076311156153679,0.0009028911590576172,8,0.3083609789609909,0.2716691242530942,0.3450528346002102,0.0,0.0,0.0,0.0,0.0,0.0,1021.9375,511.0,510.9375,-0.0297942545148544,0.0024977412631415064,-1.9384868759661913,0.028937940194737166,0.06217509025009349,0.1085205078125,0.00761034432798624,
24576,-0.029095232486724854,-0.058196187019348145,12,0.2218154687434435,0.18039482296444476,0.26323611475527287,0.0,0.0,0.0,0.0,0.0,0.0,1021.9375,511.0,510.9375,-0.010938707171590067,0.005439313241367927,-1.916392209008336,0.009554929383739363,0.0916457389248535,0.1026611328125,0.007649067789316177,
32768,-0.011821373365819454,-0.29150068759918213,16,0.18040447984822094,0.14095529436599463,0.21985366428270936,0.0,0.0,0.0,0.0,0.0,0.0,1021.96875,511.0,510.96875,0.005530845247108118,0.00422634898495744,-1.8937060050666332,-0.007513114044741087,0.09546766593120992,0.130279541015625,0.008854016661643982,
40960,0.0028417184948921204,-0.17955636978149414,20,0.15365341841243207,0.1168478560866788,0.19045898271724582,0.0,0.0,0.0,0.0,0.0,0.0,1022.0,511.0,511.0,0.023124257888412103,0.0024904257188609336,-1.8869496267288923,-0.024837093660607934,0.07598236156627536,0.120574951171875,0.008743174374103546,
49152,-0.011800266802310944,-0.0657198429107666,24,0.12443205434828997,0.09248256753198802,0.15638154139742255,0.0,0.0,0.0,0.0,0.0,0.0,1023.609375,511.8125,511.796875,-0.0024912788921938045,0.004258825181750581,-1.8759544044733047,0.00017764344374882057,0.09920791047625244,0.15985107421875,0.010355750098824501,
57344,-0.02864092029631138,0.04215306043624878,28,0.11467942118179053,0.08333343541016802,0.14602540584746748,0.0,0.0,0.0,0.0,0.0,0.0,1021.859375,510.9375,510.921875,-0.012130633240303723,0.005606071244983468,-1.8560542687773705,0.009574627887559473,0.11825869523454458,0.1409912109375,0.009307973086833954,
65536,-0.033434588462114334,0.16037911176681519,32,0.10433747665956616,0.07191470690304413,0.13676024705637246,0.0,0.0,0.0,0.0,0.0,0.0,1021.125,510.5625,510.5625,-0.014356189944010112,0.008345169182575773,-1.8202958386391401,0.010794528005135362,0.15318246954120696,0.1712646484375,0.011840270832180977,
73728,-0.021869860589504242,0.19592124223709106,36,0.09210348478518426,0.06404812849359587,0.12015884113498032,0.0,0.0,0.0,0.0,0.0,0.0,1021.375,510.6875,510.6875,-0.00011219955149499583,0.007020745462796185,-1.8045722469687462,-0.0036196698683852446,0.15451488620601594,0.17388916015625,0.01251527201384306,
81920,-0.02571752853691578,0.0186118483543396,40,0.08840650593629107,0.05900057317921892,0.11781243863515556,0.0,0.0,0.0,0.0,0.0,0.0,1021.5,510.75,510.75,-0.013532250475691399,0.008392227173317224,-1.7689441200345755,0.008676832396304235,0.1858748164959252,0.20458984375,0.014544252306222916,
90112,-0.06123591586947441,0.340385377407074,44,0.07712333672679961,0.05222390656126663,0.10202276718337089,0.0,0.0,0.0,0.0,0.0,0.0,1018.734375,509.375,509.359375,-0.0612809996237047,0.01317080482840538,-1.7416540533304214,0.05600093910470605,0.2186167472973466,0.22613525390625,0.015835627913475037,
98304,-0.03293567895889282,0.3795408010482788,48,0.07463293743785471,0.04819096380379051,0.10107491072267294,0.0,0.0,0.0,0.0,0.0,0.0,1019.125,509.5625,509.5625,-0.034197848290205,0.012134197211707942,-1.712416235357523,0.027964531705947593,0.22890547942370176,0.229248046875,0.016034506261348724,
106496,-0.04496869072318077,0.44035398960113525,52,0.07027520949486643,0.04653380066156387,0.09401661832816899,0.0,0.0,0.0,0.0,0.0,0.0,1017.359375,508.6875,508.671875,-0.0369676488917321,0.015097628565854393,-1.6602906975895166,0.029807502665789798,0.26685995142906904,0.25439453125,0.018881604075431824,
114688,-0.16571050882339478,0.5684737861156464,56,0.06680500681977719,0.042354360106401145,0.09125565399881452,0.0,0.0,0.0,0.0,0.0,0.0,1011.5,505.75,505.75,-0.14055811916477978,0.02074232122686226,-1.560070339590311,0.1335382000543177,0.31169384764507413,0.245758056640625,0.01801205798983574,
122880,-0.11566250771284103,0.6129319071769714,60,0.06366374820936471,0.03998166974633932,0.08734582684701309,0.0,0.0,0.0,0.0,0.0,0.0,1010.625,505.3125,505.3125,-0.08451886189868674,0.018593361251987517,-1.5028166081756353,0.0762013578787446,0.31382841477170587,0.2525634765625,0.020321477204561234,
131072,-0.12188278883695602,0.5731220543384552,64,0.0570976888993755,0.03648807539138943,0.0777073023491539,0.0,0.0,0.0,0.0,0.0,0.0,1004.875,502.4375,502.4375,-0.12074071529787034,0.01628995941428002,-1.4020306691527367,0.11320832674391568,0.2987902336753905,0.239990234375,0.017519764602184296,
139264,-0.12283837795257568,0.4916335940361023,68,0.052091790828853846,0.033363227179506794,0.0708203538088128,0.0,0.0,0.0,0.0,0.0,0.0,998.875,499.4375,499.4375,-0.08639850554754958,0.010151386995858047,-1.2735391948372126,0.08037455071462318,0.2600211170502007,0.217681884765625,0.01668979972600937,
147456,-0.014674249105155468,0.4256870746612549,72,0.0486607464554254,0.030865123902913183,0.06645636883331463,0.0,0.0,0.0,0.0,0.0,0.0,996.5,498.25,498.25,-0.00017176442452182528,0.0073504098545527086,-1.209255114197731,-0.005027224655350437,0.23224949114955962,0.212677001953125,0.017394475638866425,
155648,0.009362731128931046,0.291512131690979,76,0.046491037879604846,0.02915243955794722,0.06382963570649736,0.0,0.0,0.0,0.0,0.0,0.0,994.75,497.375,497.375,0.020068740134775,0.005236340963165276,-1.1890374459326267,-0.025648316703154705,0.2051633191294968,0.20635986328125,0.0164908766746521,
163840,0.07755187153816223,0.31180399656295776,80,0.043811461597215384,0.028266811394132674,0.059356111887609586,0.0,0.0,0.0,0.0,0.0,0.0,997.375,498.6875,498.6875,0.10010724770836532,0.005283972772303969,-1.2044742591679096,-0.10595795011613518,0.21268416661769152,0.232818603515625,0.02717258408665657,
172032,0.06639546155929565,0.3779979944229126,84,0.04323123043286614,0.027032294325181283,0.059430166525999084,0.0,0.0,0.0,0.0,0.0,0.0,997.5,498.75,498.75,0.09239839890506119,0.005518631558516063,-1.1972519289702177,-0.09875486069358885,0.22924977238290012,0.24359130859375,0.020005639642477036,
180224,0.06830236315727234,0.44088053703308105,88,0.040383411396760494,0.025743912701727822,0.05502290968433954,0.0,0.0,0.0,0.0,0.0,0.0,997.625,498.8125,498.8125,0.08076251170132309,0.005562909005675465,-1.2042882181704044,-0.08745122258551419,0.24395351228304207,0.23114013671875,0.019850855693221092,
188416,0.021064862608909607,0.453471839427948,92,0.03787883813492954,0.024221910658525303,0.05153576555312611,0.0,0.0,0.0,0.0,0.0,0.0,994.09375,497.0625,497.03125,0.03350169838813599,0.005882038378331345,-1.124266143888235,-0.04034541264991276,0.25383122521452606,0.23236083984375,0.02026154100894928,
196608,0.010364212095737457,0.5269047319889069,96,0.034206655371235684,0.021596731327008456,0.046816579095320776,0.0,0.0,0.0,0.0,0.0,0.0,992.75,496.375,496.375,0.022170340813318035,0.004878818563156528,-1.0631407462060452,-0.029050627432297915,0.2474809878040105,0.221923828125,0.018765456974506378,
204800,-0.0349232517182827,0.4583888053894043,100,0.03383749077329412,0.0208176106098108,0.0468573707039468,0.0,0.0,0.0,0.0,0.0,0.0,988.0,494.0,494.0,-0.023752256875468447,0.0034529139593360014,-0.9483771016821265,0.01809838949520781,0.21459361840970814,0.20062255859375,0.017610657960176468,
212992,0.029888736084103584,0.4323805570602417,104,0.03027013555401936,0.018940360881970264,0.04159991005144548,0.0,0.0,0.0,0.0,0.0,0.0,986.625,493.3125,493.3125,0.029323766677407548,0.0031919338143779896,-0.890327719040215,-0.034744684904580936,0.21425643702968955,0.192901611328125,0.016980478540062904,
221184,0.023546110838651657,0.4731042981147766,108,0.030322352278744802,0.018253485861350782,0.04239121843420435,0.0,0.0,0.0,0.0,0.0,0.0,984.359375,492.1875,492.171875,0.02712863447231939,0.002825777519319672,-0.8452235450968146,-0.03260379114362877,0.20896056876517832,0.185638427734375,0.01751422882080078,
229376,0.03156328946352005,0.48264551162719727,112,0.0285203452949645,0.01841939201403875,0.03862129869230557,0.0,0.0,0.0,0.0,0.0,0.0,982.75,491.375,491.375,0.04771464777877554,0.003381961760169361,-0.8017730191349983,-0.05204599438002333,0.2366097760386765,0.19110107421875,0.022204391658306122,
237568,0.02768617309629917,0.5015253126621246,116,0.028042292105965316,0.017167423357022926,0.03891716098587494,0.0,0.0,0.0,0.0,0.0,0.0,982.875,491.4375,491.4375,0.04528399818809703,0.0032493675134901423,-0.7645996203646064,-0.05068434594431892,0.24930458841845393,0.18450927734375,0.021323472261428833,
245760,-0.008375751785933971,0.4613211750984192,120,0.02408604577067308,0.014826506579993293,0.03334558509232011,0.0,0.0,0.0,0.0,0.0,0.0,980.75,490.375,490.375,-0.0015521520635957131,0.0027354977755749132,-0.6870029112324119,-0.003892983655532589,0.24285862315446138,0.173858642578125,0.01987803354859352,
253952,0.011330273933708668,0.39452534914016724,124,0.02473318653937895,0.015479142806725577,0.03398723012651317,0.0,0.0,0.0,0.0,0.0,0.0,978.25,489.125,489.125,0.016729346716601867,0.0022695931838825345,-0.6475795591250062,-0.021759729097539093,0.22867344482801855,0.161895751953125,0.01853898912668228,
262144,0.06121654435992241,0.3278331160545349,128,0.023903830253402703,0.014976712700445205,0.032830947973707225,0.0,0.0,0.0,0.0,0.0,0.0,978.75,489.375,489.375,0.06448013806948438,0.002411413883237401,-0.639107427559793,-0.06884494662517682,0.25925916340202093,0.1651611328125,0.020733196288347244,
270336,0.06069362163543701,0.4538557529449463,132,0.02240282396087423,0.01413618192600552,0.03066946617764188,0.0,0.0,0.0,0.0,0.0,0.0,979.375,489.6875,489.6875,0.0829059308161959,0.0033083180969697423,-0.6546471817418933,-0.08961840707343072,0.3027446148917079,0.198455810546875,0.02753186598420143,
278528,-0.0002532240469008684,0.5310736000537872,136,0.020702676716609858,0.01316586673783604,0.028239486840902828,0.0,0.0,0.0,0.0,0.0,0.0,978.875,489.4375,489.4375,0.021077249404697795,0.0024501851985405665,-0.6015650723129511,-0.027456001822429243,0.2834052285179496,0.186004638671875,0.025593221187591553,
286720,-0.026660718023777008,0.5390167236328125,140,0.019961166675784625,0.012600212190591265,0.027322121444740333,0.0,0.0,0.0,0.0,0.0,0.0,977.359375,488.6875,488.671875,-0.009558641531839385,0.0024593486323283287,-0.5479395850561559,0.0036259769076423254,0.2876568241044879,0.16522216796875,0.02230186015367508,
294912,0.008498648181557655,0.5215191543102264,144,0.02100201245775679,0.012628512864466757,0.029375512123806402,0.0,0.0,0.0,0.0,0.0,0.0,976.75,488.375,488.375,0.014759164489078103,0.0026509451017773245,-0.49415034567937255,-0.021740511911048088,0.3330566268414259,0.167755126953125,0.026446674019098282,
303104,-0.019182993099093437,0.6179868280887604,148,0.02038107454427518,0.012268308775674086,0.028493840407463722,0.0,0.0,0.0,0.0,0.0,0.0,976.5,488.25,488.25,-0.02840404022936127,0.0021151041637494927,-0.43117376044392586,0.02245240518823266,0.2994683934375644,0.136627197265625,0.022150453180074692,
311296,-0.04879060760140419,0.5283893942832947,152,0.017953366390429437,0.011076872891862877,0.02482986003087717,0.0,0.0,0.0,0.0,0.0,0.0,972.234375,486.125,486.109375,-0.052204207895556465,0.0016473217619932257,-0.3313536257483065,0.04722655567456968,0.2683426330331713,0.113006591796875,0.017604362219572067,
319488,0.0007904251688160002,0.5396552383899689,156,0.016311530031089205,0.0095519274182152,0.02307113270580885,0.0,0.0,0.0,0.0,0.0,0.0,969.625,484.8125,484.8125,-0.00774063597782515,0.0012890777570646605,-0.2673066039569676,0.005586765681073302,0.24486599257215858,0.0848388671875,0.013923154212534428,
327680,0.029819430783391,0.5105503797531128,160,0.016917623332119547,0.0095767810853431,0.024258465698949294,0.0,0.0,0.0,0.0,0.0,0.0,969.21875,484.625,484.59375,0.028675765031948686,0.0011862552155434969,-0.24978003511205316,-0.030761482819798402,0.24528713687323034,0.081817626953125,0.013836704194545746,
335872,0.1519317775964737,0.07966691255569458,164,0.01825790965813212,0.011669961844745558,0.0248458573660173,0.0,0.0,0.0,0.0,0.0,0.0,973.25,486.625,486.625,0.16840008553117514,0.0026493565273995046,-0.29124787729233503,-0.1730378137435764,0.4212238108739257,0.157867431640625,0.06721585988998413,
344064,0.5476920008659363,0.20296144485473633,168,0.026216820857371204,0.023062267726345453,0.02937137424305547,0.0,0.0,0.0,0.0,0.0,0.0,988.625,494.3125,494.3125,0.6000251602381468,0.014208682332537137,-0.4926944635808468,-0.6132680093869567,0.9965156493708491,0.259368896484375,0.06252065300941467,
352256,0.21233955025672913,0.3690628409385681,172,0.02018617358407937,0.012469560089812148,0.02790278702013893,0.0,0.0,0.0,0.0,0.0,0.0,986.734375,493.375,493.359375,0.21661110152490437,0.012270990569959395,-0.578983586281538,-0.22780084004625678,0.93355324678123,0.25701904296875,0.05969209596514702,
360448,-0.00834362767636776,0.34495407342910767,176,0.01999311349936761,0.01162491522700293,0.028361311753542395,0.0,0.0,0.0,0.0,0.0,0.0,986.234375,493.125,493.109375,0.014156041521346197,0.010003799776313826,-0.5947855385020375,-0.04536741849369719,0.9955623121932149,0.233917236328125,0.046089038252830505,
368640,-0.3241235911846161,0.47846269607543945,180,0.017566801310749725,0.010143253079149872,0.02499034932407085,0.0,0.0,0.0,0.0,0.0,0.0,978.0,489.0,489.0,-0.3523395783267915,0.004677955668739742,-0.39122223760932684,0.3398901540786028,0.5532930176705122,0.184906005859375,0.037820298224687576,
376832,-0.22607213258743286,0.5187345743179321,184,0.014315791566332337,0.007775869129545754,0.020855713930359343,0.0,0.0,0.0,0.0,0.0,0.0,972.84375,486.4375,486.40625,-0.2684584907256067,0.0024423066060990095,-0.2585852805059403,0.2613484866451472,0.43386723194271326,0.0985107421875,0.015903856605291367,
385024,-0.12631836533546448,0.5272850692272186,188,0.014969654956075829,0.008942714383010752,0.020996595465476275,0.0,0.0,0.0,0.0,0.0,0.0,971.984375,486.0,485.984375,-0.13618338876403868,0.0020288832711230498,-0.20564850559458137,0.1317538603907451,0.3945255554281175,0.081756591796875,0.015817593783140182,
393216,-0.07173829525709152,0.4972606897354126,192,0.012218443971505621,0.007180560234701261,0.01725632775696795,0.0,0.0,0.0,0.0,0.0,0.0,968.984375,484.5,484.484375,-0.05232152415555902,0.0013636228886753088,-0.1550195966847241,0.05068690273037646,0.33950467174872756,0.05035400390625,0.011093409731984138,
401408,-0.032083261758089066,0.5444661974906921,196,0.011213998048333451,0.0065838515511131845,0.015844144587390474,0.0,0.0,0.0,0.0,0.0,0.0,968.734375,484.375,484.359375,-0.036680573532066774,0.0012383639905237942,-0.138059823657386,0.03475049902044702,0.3326496472582221,0.0487060546875,0.01181461289525032,
409600,0.017323771491646767,0.6082217991352081,200,0.012009075970127014,0.006304162696324056,0.017713989286676224,0.0,0.0,0.0,0.0,0.0,0.0,967.71875,483.875,483.84375,-0.012126059487854945,0.0010243099286526558,-0.11564993986394256,0.010864160363780684,0.3173856916837394,0.041168212890625,0.008711026050150394,
417792,0.04395843669772148,0.609409511089325,204,0.011546428180736257,0.006345642363157822,0.016747213970575103,0.0,0.0,0.0,0.0,0.0,0.0,968.21875,484.125,484.09375,0.029350710196013097,0.001471669665988884,-0.12595827120821923,-0.03204885747982189,0.3831521309912205,0.0509033203125,0.017619244754314423,
425984,0.07967371493577957,0.46909189224243164,208,0.012633651938813273,0.007248476042150287,0.01801882774088881,0.0,0.0,0.0,0.0,0.0,0.0,971.96875,486.0,485.96875,0.08749278978211805,0.0015937452353682602,-0.1540755103342235,-0.09197732876054943,0.4591801641508937,0.090301513671875,0.020015044137835503,
434176,0.011483917012810707,0.46843308210372925,212,0.012482029935199535,0.006924836452526506,0.018039223468804266,0.0,0.0,0.0,0.0,0.0,0.0,970.953125,485.5,485.453125,0.01543400881200796,0.0023550891455670353,-0.13783810497261584,-0.016184153024369152,0.5814291373826563,0.090576171875,0.04952527582645416,
442368,-0.08500690013170242,0.607564389705658,216,0.011928805546631338,0.005957372322882293,0.01790023873172686,0.0,0.0,0.0,0.0,0.0,0.0,968.34375,484.1875,484.15625,-0.0756476781098172,0.0012956555701748584,-0.11522826075088233,0.0723013961687684,0.4346740413457155,0.0623779296875,0.0255124568939209,
450560,-0.09549279510974884,0.6753093898296356,220,0.011122167627036106,0.0063366421818500385,0.015907692997643608,0.0,0.0,0.0,0.0,0.0,0.0,967.859375,483.9375,483.921875,-0.08890345715917647,0.0010747032374638366,-0.1021562572568655,0.08795858308440074,0.3968298267573118,0.04498291015625,0.012060632929205894,
458752,0.00022793642710894346,0.7091282606124878,224,0.009521387462882558,0.005264460214675637,0.013778314703813521,0.0,0.0,0.0,0.0,0.0,0.0,967.21875,483.625,483.59375,-0.012207754487462807,0.001060981981936493,-0.1006004698574543,0.010076865957671544,0.3920048796571791,0.048675537109375,0.0176905058324337,
466944,0.14627529680728912,0.5644654035568237,228,0.01024106856493745,0.006289393477345584,0.014192743557941867,0.0,0.0,0.0,0.0,0.0,0.0,970.609375,485.3125,485.296875,0.1658553211018443,0.0021155064860067796,-0.135007043951191,-0.17652823799289763,0.6289187520742416,0.1239013671875,0.23595784604549408,
475136,0.11675264686346054,0.35122251510620117,232,0.014252865446906071,0.008676425819430733,0.019829305201710667,0.0,0.0,0.0,0.0,0.0,0.0,972.21875,486.125,486.09375,0.1476542247692123,0.002510556494598859,-0.18685397435911,-0.15506934106815606,0.8131786826997995,0.129058837890625,0.08694927394390106,
483328,0.12740901112556458,0.5018027126789093,236,0.01391839613643242,0.008896828614524566,0.018939963563752826,0.0,0.0,0.0,0.0,0.0,0.0,976.09375,488.0625,488.03125,0.2159047240857035,0.00458882059683674,-0.22457095724530518,-0.23470357269980013,0.9921790128573775,0.166046142578125,0.09259257465600967,
491520,-0.06890707463026047,0.6136198341846466,240,0.010495114256627858,0.005870159377082018,0.015120069110707846,0.0,0.0,0.0,0.0,0.0,0.0,971.25,485.625,485.625,-0.03326401267986512,0.0021653219664585777,-0.20306109730154276,0.02486446722468827,0.6510931868106127,0.139312744140625,0.03591078519821167,
499712,0.15432199835777283,0.5656432509422302,244,0.010441662776429439,0.006183868292282568,0.014699457243750658,0.0,0.0,0.0,0.0,0.0,0.0,972.0,486.0,486.0,0.12080214591696858,0.0024541800521546975,-0.17042663763277233,-0.13055491668637842,0.7088624024763703,0.14813232421875,0.10004016757011414,
507904,-0.15932534635066986,0.6568396091461182,248,0.0077025154623697745,0.004514878402915201,0.010890152382671658,0.0,0.0,0.0,0.0,0.0,0.0,969.359375,484.6875,484.671875,-0.16002631362061948,0.001346577271760907,-0.12480238906573504,0.15519244852475822,0.5413252902217209,0.06298828125,0.018090080469846725,
516096,-0.0930403545498848,0.6802969574928284,252,0.009680380313511705,0.005358748450817075,0.014002012257151364,0.0,0.0,0.0,0.0,0.0,0.0,969.125,484.5625,484.5625,-0.06846206885529682,0.0013845344064975507,-0.10854775505140424,0.06546555402019294,0.5556864906102419,0.04315185546875,0.011384151875972748,
524288,-0.04986616224050522,0.6667925119400024,256,0.008894938089724747,0.004620822270226199,0.01316905386875078,0.0,0.0,0.0,0.0,0.0,0.0,968.875,484.4375,484.4375,-0.05435079153539846,0.0015715688423370011,-0.09613982995506376,0.046364779154828284,0.645414708647877,0.05828857421875,0.059477727860212326,
532480,0.33678263425827026,0.39704906940460205,260,0.010192649975579116,0.00637060533517797,0.01401469446500414,0.0,0.0,0.0,0.0,0.0,0.0,972.09375,486.0625,486.03125,0.3651258086320013,0.008007679592992645,-0.13698843703605235,-0.35420189425349236,1.5540732219815254,0.08819580078125,0.06120198592543602,
540672,-0.11162829399108887,0.3934794068336487,264,0.010093616338053835,0.005753969078796217,0.014433263601858926,0.0,0.0,0.0,0.0,0.0,0.0,970.96875,485.5,485.46875,-0.08138406529906206,0.005127968659508042,-0.1472104504937306,0.07789662769937422,1.1345278667286038,0.082427978515625,0.024231858551502228,
548864,-0.2213434875011444,0.49571096897125244,268,0.008890457849702216,0.004833829669223633,0.012947085945597792,0.0,0.0,0.0,0.0,0.0,0.0,969.375,484.6875,484.6875,-0.22365623246878386,0.0019929074314859463,-0.10128815833013505,0.22076198901049793,0.7163824113085866,0.05584716796875,0.015941135585308075,
557056,-0.09325936436653137,0.6718738675117493,272,0.007707347105679219,0.0039002304274617927,0.011514463679532128,0.0,0.0,0.0,0.0,0.0,0.0,967.234375,483.625,483.609375,-0.09108769003069028,0.0013134247474226868,-0.08718433638568968,0.08972002536756918,0.5246742404997349,0.037628173828125,0.011516839265823364,
565248,-0.024628251791000366,0.6739593744277954,276,0.009063506453458103,0.0045168090637162095,0.013610203903681395,0.0,0.0,0.0,0.0,0.0,0.0,967.125,483.5625,483.5625,-0.03877596247912152,0.0010944806472252822,-0.07800794875947759,0.03750571626369492,0.5078957267105579,0.03741455078125,0.014301450923085213,
573440,0.0423181913793087,0.7078432440757751,280,0.009275676355173346,0.00476812834131124,0.013783224460667043,0.0,0.0,0.0,0.0,0.0,0.0,967.109375,483.5625,483.546875,0.026992562365194317,0.0010800575946632307,-0.06922356219729409,-0.02814567261884804,0.49931605998426676,0.02874755859375,0.010299949906766415,
581632,-0.034597888588905334,0.6901774108409882,284,0.007978498129887157,0.004505556013100431,0.011451440203927632,0.0,0.0,0.0,0.0,0.0,0.0,966.859375,483.4375,483.421875,-0.039548281965835486,0.0010792530156322755,-0.06593372614588588,0.03784861377062043,0.5398862631991506,0.028228759765625,0.007673461921513081,
589824,-0.035213079303503036,0.6940516531467438,288,0.008260960234110826,0.004375355882075382,0.012146564557951933,0.0,0.0,0.0,0.0,0.0,0.0,967.609375,483.8125,483.796875,0.01632912406421383,0.0010856771059479797,-0.062330121640115976,-0.01655909130568034,0.5565391769632697,0.036224365234375,0.014164438471198082,
598016,0.6573917269706726,0.12710320949554443,292,0.011818318111181725,0.007380104820185807,0.016256531482213177,0.0,0.0,0.0,0.0,0.0,0.0,976.234375,488.125,488.109375,0.6336136623285711,0.009335079907032195,-0.11059577693231404,-0.6719587561674416,1.769923236221075,0.14886474609375,0.4223174452781677,
606208,-0.06382840871810913,0.34924381971359253,296,0.010412515115604037,0.005658134916302515,0.015166895354013832,0.0,0.0,0.0,0.0,0.0,0.0,970.71875,485.375,485.34375,-0.08360693755093962,0.004815884520212421,-0.10904202272649854,0.07258024060865864,1.1568384151905775,0.095977783203125,0.050077199935913086,
614400,-0.13433575630187988,0.5376074314117432,300,0.008501644033458433,0.00479856183847005,0.012204726278980615,0.0,0.0,0.0,0.0,0.0,0.0,970.125,485.0625,485.0625,-0.0816707901249174,0.002046968333161203,-0.10256935842335224,0.07694272830849513,0.7303906744346023,0.0892333984375,0.05473176762461662,
622592,0.01862848363816738,0.5331121683120728,304,0.0081506515161891,0.004395019826915814,0.011906283190910472,0.0,0.0,0.0,0.0,0.0,0.0,968.5,484.25,484.25,0.044073567962186644,0.0024998253538797144,-0.12186408613342792,-0.05019732304936042,0.7805359913036227,0.0701904296875,0.020646054297685623,
630784,0.021718274801969528,0.4691249132156372,308,0.009119585462030955,0.005368375102989376,0.012870795903381804,0.0,0.0,0.0,0.0,0.0,0.0,969.625,484.8125,484.8125,0.019670275734824827,0.0020361627284728456,-0.11934591305907816,-0.02704123100556899,0.7327852081507444,0.0931396484375,0.028127135708928108,
638976,-0.14955905079841614,0.623392254114151,312,0.008951516540037119,0.004997727788577322,0.01290530529672651,0.0,0.0,0.0,0.0,0.0,0.0,967.859375,483.9375,483.921875,-0.13380167714785784,0.001392899179336382,-0.09869686129968613,0.12948752124793828,0.6074288729578257,0.0584716796875,0.017836838960647583,
647168,-0.05816546082496643,0.7153948843479156,316,0.006910947518917965,0.003812310585999512,0.010009584512772562,0.0,0.0,0.0,0.0,0.0,0.0,967.703125,483.875,483.828125,-0.05318425437872065,0.001101673045923235,-0.0849665580317378,0.05161963435966754,0.5376255908049643,0.046630859375,0.011474133469164371,
655360,-0.23371894657611847,0.7274558246135712,320,0.007600010616442887,0.004209517042909283,0.010990504149276603,0.0,0.0,0.0,0.0,0.0,0.0,967.234375,483.625,483.609375,-0.23735916567966342,0.001106509926103172,-0.06982234690804034,0.23437313898466527,0.5533128851093352,0.051544189453125,0.01595989800989628,
663552,0.27433541417121887,0.45927613973617554,324,0.008048657888139132,0.004613258886820404,0.011484056853760194,0.0,0.0,0.0,0.0,0.0,0.0,970.609375,485.3125,485.296875,0.3055086643435061,0.008407908084336668,-0.09906144393607974,-0.3046979820355773,1.615660760551691,0.069580078125,0.04724712669849396,
671744,-0.07324659079313278,0.22301632165908813,328,0.006978015995628084,0.0036737542686751112,0.010282277548640195,0.0,0.0,0.0,0.0,0.0,0.0,966.984375,483.5,483.484375,-0.05904081668268191,0.002042576055828249,-0.08779406943358481,0.05642731479019858,0.9008638923987746,0.048065185546875,0.012222501449286938,
679936,1.3438622951507568,0.5065455436706543,332,0.009370010056954925,0.006785597766793217,0.011954422324834013,0.0,0.0,0.0,0.0,0.0,0.0,987.234375,493.625,493.609375,1.3193881008774042,0.019118290510959923,-0.2587851795833558,-1.3349259700626135,2.124833405017853,0.192413330078125,0.13331638276576996,
688128,-0.1363297402858734,0.4966122508049011,336,0.008185763954315917,0.004407345319123124,0.011964182603037443,0.0,0.0,0.0,0.0,0.0,0.0,968.625,484.3125,484.3125,-0.18398162117227912,0.007025626759059378,-0.0952263722429052,0.18530525243841112,0.7547813700512052,0.0360107421875,0.010620148852467537,
696320,-0.33312496542930603,0.24372249841690063,340,0.008080498620984145,0.00511153221668792,0.011049464949337562,0.0,0.0,0.0,0.0,0.0,0.0,969.453125,484.75,484.703125,-0.27761666220612824,0.002663930874405196,-0.0713654956780374,0.27265019272454083,0.684388286434114,0.0347900390625,0.01628270000219345,
704512,-0.20999111235141754,0.6282015740871429,344,0.008383884833165212,0.003930564826077898,0.012837204861057216,0.0,0.0,0.0,0.0,0.0,0.0,966.859375,483.4375,483.421875,-0.253813672112301,0.002573684369053808,-0.06469072919571772,0.25265118735842407,0.5699182231910527,0.024261474609375,0.007249212823808193,
712704,-0.16609233617782593,0.6701038777828217,348,0.00710915539002599,0.0036014727938891156,0.010616838064606782,0.0,0.0,0.0,0.0,0.0,0.0,966.375,483.1875,483.1875,-0.20391739043407142,0.0012241617987456266,-0.05267774441745132,0.20326854707673192,0.4079203763976693,0.01861572265625,0.00419399980455637,
720896,-0.14569610357284546,0.7278178930282593,352,0.005950675295025576,0.0029575202006526524,0.008943830431917377,0.0,0.0,0.0,0.0,0.0,0.0,966.125,483.0625,483.0625,-0.16890858300030231,0.0010156509688385995,-0.044326092523988336,0.16812914214096963,0.3775102416984737,0.018341064453125,0.003997183404862881,
729088,-0.1286771446466446,0.7350862622261047,356,0.006540599410982395,0.003287534843366302,0.009793663858317814,0.0,0.0,0.0,0.0,0.0,0.0,966.34375,483.1875,483.15625,-0.10306331131141633,0.0008702335744601442,-0.039972139755263925,0.10271500947419554,0.37440179474651814,0.013671875,0.0033171726390719414,
737280,-0.0360260009765625,0.7617038190364838,360,0.0072220164929603925,0.004111239741177997,0.010332793239740568,0.0,0.0,0.0,0.0,0.0,0.0,967.0,483.5,483.5,-0.008144788971549133,0.0009387872241859441,-0.04083834309130907,0.0077434205886675045,0.38778300816193223,0.016876220703125,0.006421314086765051,
745472,0.20057445764541626,-0.1918337345123291,364,0.006567099713720381,0.0037365971711551538,0.009397602193871535,0.0,0.0,0.0,0.0,0.0,0.0,968.625,484.3125,484.3125,0.2016860789153725,0.00267039028040017,-0.04063748731277883,-0.2535660855937749,1.3863496240228415,0.05706787109375,0.2752707898616791,
753664,-0.14245091378688812,0.7020846605300903,368,0.006911113316164119,0.0036508326866169227,0.010171393976293075,0.0,0.0,0.0,0.0,0.0,0.0,966.359375,483.1875,483.171875,-0.131530636921525,0.0011499632864797604,-0.040112369460985065,0.1313265764620155,0.4193940260447562,0.017791748046875,0.005274233408272266,
761856,-0.039088163524866104,0.7499548494815826,372,0.006002246902426123,0.003119301803963026,0.008885191950980698,0.0,0.0,0.0,0.0,0.0,0.0,966.609375,483.3125,483.296875,-0.061105185392079875,0.0011073837431467837,-0.041885595506755635,0.061155003670137376,0.43802077881991863,0.02154541015625,0.008601715788245201,
770048,-0.15906377136707306,0.7734309136867523,376,0.00610951378075697,0.0031606369257133338,0.00905839055371871,0.0,0.0,0.0,0.0,0.0,0.0,967.359375,483.6875,483.671875,-0.14821772649884224,0.0010141023340111133,-0.04092182527529076,0.14785453933291137,0.4344247435219586,0.022369384765625,0.005582062527537346,
778240,-0.07648908346891403,0.7279605269432068,380,0.006679357051325496,0.0041030154870895785,0.009255698646938981,0.0,0.0,0.0,0.0,0.0,0.0,965.875,482.9375,482.9375,-0.05680851050419733,0.000949510306782031,-0.0344984742696397,0.05631382665887941,0.46008462039753795,0.016082763671875,0.004701077472418547,
786432,-0.19785644114017487,0.7385195195674896,384,0.008068968079896877,0.004019380829049624,0.012118555217170979,0.0,0.0,0.0,0.0,0.0,0.0,966.84375,483.4375,483.40625,-0.18181901762727648,0.001108611439121887,-0.03693015762837604,0.18044705758802593,0.4996325387619436,0.01751708984375,0.005623501725494862,
794624,-0.10487598180770874,0.7892092913389206,388,0.0061539004291262245,0.0028793566107196966,0.009428444315147999,0.0,0.0,0.0,0.0,0.0,0.0,967.234375,483.625,483.609375,-0.11049896071199328,0.0008863915863912553,-0.03330857591936365,0.11014289082959294,0.454979726113379,0.016510009765625,0.005213024560362101,
802816,-0.10176224261522293,0.7844178825616837,392,0.007076180954754818,0.003663058296297095,0.010489303591839416,0.0,0.0,0.0,0.0,0.0,0.0,966.84375,483.4375,483.40625,-0.11978002649266273,0.001002769858132524,-0.036339634942123666,0.11937334924004972,0.4930034065619111,0.017425537109375,0.007221336010843515,
811008,-0.10196995735168457,0.782486230134964,396,0.008263591301329143,0.004314025318308268,0.012213157374276307,0.0,0.0,0.0,0.0,0.0,0.0,966.484375,483.25,483.234375,-0.09090549434768036,0.0009631481943870313,-0.03925896971486509,0.09108767961151898,0.5125192822888494,0.020416259765625,0.009948300197720528,
819200,-0.0759398490190506,0.7564414441585541,400,0.0059559450955930515,0.002965860429867462,0.008946029809294487,0.0,0.0,0.0,0.0,0.0,0.0,966.5,483.25,483.25,-0.07996132616244722,0.0011901464704351383,-0.04124890040839091,0.07834308830206282,0.5924358414486051,0.023834228515625,0.016826005652546883,
827392,-0.07362040132284164,0.7607484012842178,404,0.0057894523724826286,0.0034120331993108266,0.008166871548837662,0.0,0.0,0.0,0.0,0.0,0.0,966.984375,483.5,483.484375,-0.06664406898198649,0.0012424101196302217,-0.03894037171266973,0.06665318142768228,0.6097802557051182,0.02325439453125,0.013544250279664993,
835584,-0.028833633288741112,0.728728860616684,408,0.0059202907477811095,0.003484389019831724,0.0083561924877813,0.0,0.0,0.0,0.0,0.0,0.0,968.375,484.1875,484.1875,0.01597105068867677,0.0011478945871203905,-0.03966625369503163,-0.01706220890264376,0.6284346766769886,0.02618408203125,0.01874580979347229,
843776,0.03180773928761482,0.7279689908027649,412,0.006787013651774032,0.0034025438289972953,0.010171483562089634,0.0,0.0,0.0,0.0,0.0,0.0,966.203125,483.125,483.078125,0.01541644953249488,0.0010550008346399409,-0.036624127853428945,-0.014986052239692071,0.6120794452726841,0.022308349609375,0.01039682887494564,
851968,0.0025327554903924465,0.761285811662674,416,0.006312064390840533,0.003603481845857459,0.009020646990165915,0.0,0.0,0.0,0.0,0.0,0.0,966.53125,483.3125,483.21875,-0.049222041583561804,0.0009836103945417562,-0.03377663990249857,0.04843197062291438,0.6139191212132573,0.019683837890625,0.00894805695861578,
860160,-0.013026063330471516,0.7636309117078781,420,0.005265874503493251,0.002757276364718564,0.007774472652386066,0.0,0.0,0.0,0.0,0.0,0.0,966.96875,483.5,483.46875,-0.0015139268616621848,0.0010230487114313291,-0.03309698004159145,0.0008043545094551519,0.6345903500914574,0.025482177734375,0.015563515946269035,
868352,0.05008306726813316,0.6789531409740448,424,0.00554059405294538,0.0030083384554018266,0.008072849658447012,0.0,0.0,0.0,0.0,0.0,0.0,967.609375,483.8125,483.796875,0.06958112087158952,0.0017180242966787773,-0.04312783683417365,-0.06501066738564987,0.8704119687899947,0.0274658203125,0.01522001251578331,
876544,0.09773249924182892,0.6227438151836395,428,0.007081604638187855,0.004392715912217682,0.009770493345968134,0.0,0.0,0.0,0.0,0.0,0.0,966.359375,483.1875,483.171875,0.10946302241063677,0.0022867276802571723,-0.05229629128007218,-0.10957892978331074,1.0070146908983588,0.037506103515625,0.018041808158159256,
884736,0.12568488717079163,0.6949282586574554,432,0.00611491206473147,0.003141374627375626,0.009088449496630346,0.0,0.0,0.0,0.0,0.0,0.0,966.234375,483.125,483.109375,0.13992725469870493,0.0013249620533315465,-0.053230432560667396,-0.14183965511620045,0.7721359394490719,0.038330078125,0.018391203135252,
892928,0.23974494636058807,0.65081587433815,436,0.0070714474941269145,0.004091469028935535,0.010051425987740004,0.0,0.0,0.0,0.0,0.0,0.0,968.859375,484.4375,484.421875,0.2568174183834344,0.0016258171399385901,-0.07080948620568961,-0.25596514926292,0.8871898613870144,0.0445556640625,0.015183252282440662,
901120,-0.21276889741420746,0.7460848391056061,440,0.007674281954678008,0.004733239567030978,0.010615324320269792,0.0,0.0,0.0,0.0,0.0,0.0,966.34375,483.1875,483.15625,-0.2006539001595229,0.00109008572599123,-0.051442145835608244,0.19886490306816995,0.7322692172601819,0.035797119140625,0.014476853422820568,
909312,-0.20297357439994812,0.7726591229438782,444,0.007682320018830069,0.0035499450877978234,0.011814694973168116,0.0,0.0,0.0,0.0,0.0,0.0,965.84375,482.9375,482.90625,-0.19794726907275617,0.0011322686332277954,-0.04783938254695386,0.19714833330363035,0.7278583906590939,0.024139404296875,0.008417630568146706,
917504,-0.02977665886282921,0.7367972731590271,448,0.0060422851265684585,0.003799293541305815,0.008285276640435768,0.0,0.0,0.0,0.0,0.0,0.0,966.578125,483.3125,483.265625,-0.09255684295203537,0.0014701495656481711,-0.05014093825593591,0.0909231975019793,0.843601836822927,0.035064697265625,0.01855570264160633,
925696,-0.222905233502388,0.7479495704174042,452,0.006083962132834131,0.0033655207080300897,0.008802403561318783,0.0,0.0,0.0,0.0,0.0,0.0,966.609375,483.3125,483.296875,-0.1766646304167807,0.001105963714508107,-0.04554470139555633,0.17514176748227328,0.7658247509971261,0.02764892578125,0.009160705842077732,
933888,-0.2568274140357971,0.789603665471077,456,0.0058441582887098775,0.0031764434115757467,0.008511873217344146,0.0,0.0,0.0,0.0,0.0,0.0,965.984375,483.0,482.984375,-0.24274602835066617,0.0010006726615756634,-0.03811506455531344,0.24147349526174366,0.7295569470152259,0.020355224609375,0.0077096810564398766,
942080,-0.03173297271132469,0.7729532122612,460,0.006289889817708172,0.003028990493476158,0.009550789139098015,0.0,0.0,0.0,0.0,0.0,0.0,966.5,483.25,483.25,-0.10305132265784778,0.0011608531067395234,-0.038866098009748384,0.10181305996957235,0.7820062078535557,0.02667236328125,0.019622331485152245,
950272,-0.013858665712177753,0.7666521370410919,464,0.006039653843799897,0.0031019989928608993,0.008977308740924173,0.0,0.0,0.0,0.0,0.0,0.0,967.234375,483.625,483.609375,0.012535850411950378,0.0010367658996983664,-0.037424452137202024,-0.014071744029934052,0.8004046753048897,0.03009033203125,0.020407887175679207,
958464,0.020686408504843712,0.790079653263092,468,0.005623251759971026,0.002981835006721667,0.00826466845876439,0.0,0.0,0.0,0.0,0.0,0.0,966.109375,483.0625,483.046875,-0.04224901705310913,0.001105508886212192,-0.036493290099315345,0.040982545069709886,0.7908069491386414,0.025543212890625,0.016168218106031418,
966656,-0.06827757507562637,0.7428270876407623,472,0.006093172430155391,0.00357703423469502,0.00860931062123882,0.0,0.0,0.0,0.0,0.0,0.0,966.203125,483.125,483.078125,-0.11649543984094635,0.0011150802820338868,-0.03745643302681856,0.11575045267818496,0.8491032160818577,0.024627685546875,0.009874868206679821,
974848,0.10370274633169174,0.7439717054367065,476,0.005972285544885381,0.0030587978017138084,0.008885773356098525,0.0,0.0,0.0,0.0,0.0,0.0,965.75,482.875,482.875,0.10268932997132652,0.0011169263234478422,-0.04281723967869766,-0.10207024727424141,0.8303009830415249,0.031585693359375,0.01785135082900524,
983040,2.0755882263183594,0.3380759358406067,480,0.04590356004428031,0.0743374346402561,0.01746968491829648,0.0,0.0,0.0,0.0,0.0,0.0,1001.484375,500.75,500.734375,2.189000664278865,0.03180089817033149,-0.32397222286090255,-2.215179119259119,2.0172579772770405,0.42791748046875,1.2334675788879395,
991232,1.8503462076187134,0.6611815690994263,484,0.009171216207732868,0.007889026749808181,0.010453405612736333,0.0,0.0,0.0,0.0,0.0,0.0,1022.265625,511.1875,511.078125,1.903668874874711,0.008131441740260925,-0.6350502916611731,-2.2437071427702904,0.6398181905969977,0.87127685546875,0.8891993761062622,
999424,1.2636075019836426,0.1848292350769043,488,0.015935540024202055,0.01973529266706464,0.012135787297609113,0.0,0.0,0.0,0.0,0.0,0.0,1022.0,511.0,511.0,1.2675070147961378,0.02073316940004588,-0.41753858770243824,-1.22708385810256,0.5272242799401283,0.6680908203125,1.103388786315918,
1007616,0.5732777118682861,0.12291830778121948,492,0.0056628518998422805,0.004176252635716082,0.007149451246561966,0.0,0.0,0.0,0.0,0.0,0.0,1021.875,511.0,510.875,0.8035840298980474,0.005549230914766667,-0.5736300963908434,-0.7271348461508751,0.381306956987828,0.611236572265625,1.015945315361023,
